Genus,Species,Strain/Culture Collection,SEQ ID
Abiotrophia,defectiva,ATCC 49176,SEQF1595
Absconditabacteria (SR1) [G-1],bacterium HMT 874,MGEHA,SEQF2626
Absconditabacteria (SR1) [G-3],bacterium HMT 991,RAAC1_SR1_1,SEQF3107
Achromobacter,xylosoxidans,AXX-A,SEQF2029
Achromobacter,xylosoxidans,A8,SEQF1926
Achromobacter,xylosoxidans,NBRC 15126 = ATCC 27061,SEQF2610
Achromobacter,xylosoxidans,C54,SEQF2030
Achromobacter,xylosoxidans,NH44784-1996,SEQF2546
Acidipropionibacterium,acidifaciens,F0233,SEQF1851
Acidipropionibacterium,acidifaciens,DSM 21887,SEQF2583
Acidovorax,caeni,R-24608,SEQF3073
Acidovorax,ebreus,tpsy,SEQF2863
Acidovorax,temperans,ky4,SEQF2893
Acinetobacter,baumannii,ACICU,SEQF1398
Acinetobacter,baumannii,AB307-0294,SEQF1622
Acinetobacter,baumannii,AYE,SEQF1164
Acinetobacter,baumannii,MDR-ZJ06,SEQF1486
Acinetobacter,baumannii,SDF,SEQF1161
Acinetobacter,baumannii,ATCC 17978,SEQF1384
Acinetobacter,baumannii,AB0057,SEQF1485
Acinetobacter,johnsonii,xbb1,SEQF2916
Acinetobacter,junii,65,SEQF2875
Acinetobacter,lwoffii,niph_512,SEQF2884
Acinetobacter,radioresistens,wc_a_157,SEQF2864
Actinomyces,cardiffensis,F0333,SEQF1667
Actinomyces,dentalis,DSM 19115,SEQF2573
Actinomyces,georgiae,F0490,SEQF1902
Actinomyces,georgiae,DSM 6843,SEQF2574
Actinomyces,gerencseriae,DSM 6844,SEQF2575
Actinomyces,graevenitzii,C83,SEQF2031
Actinomyces,graevenitzii,F0530,SEQF2450
Actinomyces,israelii,DSM 43320,SEQF2705
Actinomyces,johnsonii,F0542,SEQF2449
Actinomyces,johnsonii,F0330,SEQF1668
Actinomyces,johnsonii,F0510,SEQF2317
Actinomyces,lingnae [Not Validly Published],F0379,SEQF1948
Actinomyces,massiliensis,4401292,SEQF2385
Actinomyces,massiliensis,F0489,SEQF1903
Actinomyces,meyeri,W712,SEQF2739
Actinomyces,naeslundii,str. Howell 279,SEQF2386
Actinomyces,naeslundii,MG1,SEQF1063
Actinomyces,oricola,R5292,SEQF3145
Actinomyces,oris,T14V,SEQF2806
Actinomyces,oris,K20,SEQF2431
Actinomyces,radicidentis,CCUG 36733,SEQF2781
Actinomyces,sp. HMT 170,F0386,SEQF1849
Actinomyces,sp. HMT 171,F0337,SEQF1693
Actinomyces,sp. HMT 171,F0337,SEQF3095
Actinomyces,sp. HMT 172,F0311,SEQF2430
Actinomyces,sp. HMT 175,F0384,SEQF1848
Actinomyces,sp. HMT 178,F0338,SEQF1666
Actinomyces,sp. HMT 180,F0310,SEQF1647
Actinomyces,sp. HMT 414,F0588,SEQF2745
Actinomyces,sp. HMT 448,F0400,SEQF1701
Actinomyces,sp. HMT 877,F0543,SEQF2313
Actinomyces,sp. HMT 897,F0631,SEQF3062
Actinomyces,sp. oral taxon 169,F0496,SEQF3180
Actinomyces,timonensis,DSM 23838,SEQF2594
Actinomyces,viscosus,C505,SEQF2689
Aerococcus,viridans,fdaargos_249,SEQF2883
Afipia,broomeae,ATCC 49717,SEQF2411
Aggregatibacter,actinomycetemcomitans,"Y4, ATCC 43718",SEQF1894
Aggregatibacter,actinomycetemcomitans,D17P-3,SEQF1955
Aggregatibacter,actinomycetemcomitans,serotype b str. SCC1398,SEQF2034
Aggregatibacter,actinomycetemcomitans,serotype e str. SC936,SEQF2826
Aggregatibacter,actinomycetemcomitans,serotype e str. ANH9776,SEQF2830
Aggregatibacter,actinomycetemcomitans,serotype d str. SA3733,SEQF2834
Aggregatibacter,actinomycetemcomitans,VT1169,SEQF2838
Aggregatibacter,actinomycetemcomitans,serotype e str. SCC393,SEQF2296
Aggregatibacter,actinomycetemcomitans,serotype c str. AAS4A,SEQF2439
Aggregatibacter,actinomycetemcomitans,D7S-1,SEQF1845
Aggregatibacter,actinomycetemcomitans,ANH9381,SEQF1953
Aggregatibacter,actinomycetemcomitans,serotype b str. I23C,SEQF2033
Aggregatibacter,actinomycetemcomitans,D11S-1,SEQF1707
Aggregatibacter,actinomycetemcomitans,serotype e str. SA2149,SEQF2825
Aggregatibacter,actinomycetemcomitans,serotype f str. SC29R,SEQF2829
Aggregatibacter,actinomycetemcomitans,D17P-2,SEQF1954
Aggregatibacter,actinomycetemcomitans,serotype d str. SA3033,SEQF2833
Aggregatibacter,actinomycetemcomitans,IDH781,SEQF2837
Aggregatibacter,actinomycetemcomitans,serotype e str. SC1083,SEQF2295
Aggregatibacter,actinomycetemcomitans,serotype b str. SCC4092,SEQF2438
Aggregatibacter,actinomycetemcomitans,HK1651,SEQF1074
Aggregatibacter,actinomycetemcomitans,serotype a str. H5P1,SEQF2032
Aggregatibacter,actinomycetemcomitans,NUM4039,SEQF2824
Aggregatibacter,actinomycetemcomitans,serotype d str. SA508,SEQF2828
Aggregatibacter,actinomycetemcomitans,serotype d str. SA269,SEQF2832
Aggregatibacter,actinomycetemcomitans,serotype e str. SA3096,SEQF2836
Aggregatibacter,actinomycetemcomitans,serotype f str. D18P1,SEQF2294
Aggregatibacter,actinomycetemcomitans,serotype b str. S23A,SEQF2437
Aggregatibacter,actinomycetemcomitans,RhAA1,SEQF2823
Aggregatibacter,actinomycetemcomitans,serotype e str. SA2876,SEQF2827
Aggregatibacter,actinomycetemcomitans,serotype d str. SA2200,SEQF2831
Aggregatibacter,actinomycetemcomitans,SC383s,SEQF2835
Aggregatibacter,actinomycetemcomitans,624,SEQF2839
Aggregatibacter,actinomycetemcomitans,serotype d str. I63B,SEQF2250
Aggregatibacter,actinomycetemcomitans,serotype c str. SCC2302,SEQF2297
Aggregatibacter,actinomycetemcomitans,serotype a str. A160,SEQF2436
Aggregatibacter,aphrophilus,NJ8700,SEQF1221
Aggregatibacter,aphrophilus,ATCC 33389,SEQF1956
Aggregatibacter,aphrophilus,F0387,SEQF1675
Aggregatibacter,paraphrophilus,W10433,SEQF2750
Aggregatibacter,segnis,ATCC 33393,SEQF1957
Aggregatibacter,sp. HMT 458,W10330,SEQF2445
Agrobacterium,tumefaciens,str. Cherry 2E-2-2,SEQF2482
Agrobacterium,tumefaciens,CCNWGS0286,SEQF2322
Agrobacterium,tumefaciens,5A,SEQF2321
Agrobacterium,tumefaciens,F2,SEQF2035
Agrobacterium,tumefaciens,biovar II K84,SEQF1087
Agrobacterium,tumefaciens,"str. C58, ATCC 33970",SEQF1167
Alloiococcus,otitis,ATCC 51267,SEQF2412
Alloprevotella,rava,F0323,SEQF1671
Alloprevotella,rava,F0020,SEQF1020
Alloprevotella,sp. HMT 473,F0040,SEQF1899
Alloprevotella,tannerae,ATCC 51259,SEQF1597
Alloscardovia,omnicolens,F0580,SEQF2451
Alloscardovia,omnicolens,DSM 21503,SEQF2547
Anaerococcus,lactolyticus,ATCC 51172,SEQF1982
Anaerococcus,octavius,NCTC9810,SEQF3147
Anaerococcus,octavius,UMB0119,SEQF3146
Anaerococcus,prevotii,ACS-065-V-Col13,SEQF2036
Anaerococcus,prevotii,"DSM 20548, PC1, ATCC 9321",SEQF1083
Anaerococcus,tetradius,ATCC 35098,SEQF1728
Anaeroglobus,geminatus,F0357,SEQF1880
Anaerolinea,thermophila,UNI-1,SEQF2715
Anaerolineae [G-1],bacterium HMT 439,w11661,SEQF2921
Anaerolineae [G-1],bacterium HMT 439,isolate Chl2,SEQF2641
Anoxybacillus,flavithermus,dsm_2641t,SEQF2850
Arcanobacterium,haemolyticum,"DSM 20595, CCM, ATCC 9345",SEQF1187
Arsenicicoccus,bolidensis,F0371,SEQF2746
Arthrospira,platensis,paraca,SEQF2856
Atopobium,minutum,10063974,SEQF2483
Atopobium,parvulum,"DSM 20469, IPP 1246, ATCC 33793",SEQF1084
Atopobium,parvulum,DNF00906,SEQF2726
Atopobium,rimae,"ATCC 49626, VPI D140H-11A",SEQF1003
Atopobium,rimae,DSM 7090,SEQF2780
Atopobium,sp. HMT 199,F0494,SEQF1949
Atopobium,sp. HMT 810,F0209,SEQF2455
Atopobium,vaginae,PB189-T1-4,SEQF2037
Atopobium,vaginae,DSM 15829,SEQF1729
Bacillus,anthracis,str. H9401,SEQF2323
Bacillus,anthracis,str. A0174,SEQF1140
Bacillus,anthracis,str. A0465,SEQF1151
Bacillus,anthracis,Sterne,SEQF1041
Bacillus,anthracis,Tsiankovskii-I,SEQF1139
Bacillus,anthracis,str. A0442,SEQF1150
Bacillus,anthracis,Ames Ancestor,SEQF1038
Bacillus,anthracis,str. A0389,SEQF1143
Bacillus,anthracis,A0248,SEQF1708
Bacillus,anthracis,CDC 684,SEQF1709
Bacillus,anthracis,Ames,SEQF1037
Bacillus,anthracis,str. A0193,SEQF1141
Bacillus,anthracis,str. A0488,SEQF1153
Bacillus,clausii,KSM-K16,SEQF1170
Bacillus,subtilis,BSn5,SEQF1173
Bacillus,subtilis,subsp. subtilis RO-NN-1,SEQF2291
Bacillus,subtilis,subsp. subtilis str. SC-8,SEQF2324
Bacillus,subtilis,subsp. spizizenii TU-B-10,SEQF2290
Bacillus,subtilis,subsp. natto BEST195,SEQF2039
Bacillus,subtilis,subsp. spizizenii str. W23,SEQF2289
Bacillus,subtilis,subsp. spizizenii ATCC 6633,SEQF2293
Bacteroidaceae [G-1],bacterium HMT 272,F0290,SEQF1646
Bacteroidales [G-2],bacterium HMT 274,F0058,SEQF1451
Bacteroides,heparinolyticus,F0111,SEQF3056
Bacteroides,pyogenes,F0041,SEQF2453
Bacteroides,pyogenes,JCM 10003,SEQF2666
Bacteroides,pyogenes,DSM 20611,SEQF2665
Bacteroides,pyogenes,JCM 6294,SEQF2668
Bacteroides,pyogenes,JCM 6292,SEQF2667
Bacteroides,zoogleoformans,ATCC 33285,SEQF3051
Bartonella,schoenbuchensis,m07a,SEQF2664
Bifidobacterium,animalis,B420,SEQF2466
Bifidobacterium,animalis,BLC1,SEQF2470
Bifidobacterium,animalis,AD011,SEQF2465
Bifidobacterium,animalis,Bl-04,SEQF2469
Bifidobacterium,animalis,BS 01,SEQF2474
Bifidobacterium,animalis,CNCM I-2494,SEQF2464
Bifidobacterium,animalis,ATCC 25527,SEQF2463
Bifidobacterium,animalis,Bi-07,SEQF2468
Bifidobacterium,animalis,V9,SEQF2472
Bifidobacterium,animalis,HN019,SEQF2475
Bifidobacterium,animalis,BB-12,SEQF2467
Bifidobacterium,animalis,DSM 10140,SEQF2471
Bifidobacterium,breve,HPH0326,SEQF2535
Bifidobacterium,breve,ACS-071-V-Sch8b,SEQF2425
Bifidobacterium,breve,CECT 7263,SEQF2413
Bifidobacterium,breve,DSM 20213 = JCM 1192,SEQF2415
Bifidobacterium,breve,JCP7499,SEQF2576
Bifidobacterium,breve,UCC2003,SEQF2426
Bifidobacterium,dentium,Bd1,SEQF1385
Bifidobacterium,dentium,JCVIHMP022,SEQF1911
Bifidobacterium,dentium,ATCC 27679,SEQF2053
Bifidobacterium,dentium,ATCC 27678,SEQF1497
Bifidobacterium,longum,subsp. longum 2-2B,SEQF2368
Bifidobacterium,longum,subsp. infantis ATCC 15697,SEQF2249
Bifidobacterium,longum,NCC2705,SEQF2040
Bifidobacterium,longum,subsp. longum JCM 1217,SEQF2044
Bifidobacterium,longum,subsp. longum 1-6B,SEQF2367
Bifidobacterium,longum,subsp. longum ATCC 55813,SEQF1952
Bifidobacterium,longum,subsp. longum F8,SEQF2043
Bifidobacterium,longum,subsp. longum 44B,SEQF2370
Bifidobacterium,longum,subsp. longum BBMN68,SEQF2042
Bifidobacterium,longum,subsp. longum KACC 91563,SEQF2046
Bifidobacterium,longum,DJO10A,SEQF2248
Bifidobacterium,longum,subsp. longum 35B,SEQF2369
Bifidobacterium,longum,subsp. infantis 157F,SEQF2041
Bifidobacterium,longum,subsp. longum JDM301,SEQF2045
Bifidobacterium,scardovii,LMG 21589,SEQF2707
Bifidobacterium,subtile,LMG 11597,SEQF2708
Bifidobacterium,subtile,DSM 20096,SEQF2577
Bordetella,pertussis,CS,SEQF2266
Bordetella,pertussis,"Tohama I, ATCC BAA-589, NCTC-13251",SEQF1086
Bosea,vestrisii,3192,SEQF3148
Bradyrhizobium,elkanii,587,SEQF2325
Bradyrhizobium,elkanii,USDA 76,SEQF2487
Brevibacterium,paucivorans,UMB1301,SEQF3172
Brevundimonas,diminuta,"470-4, ATCC 13184",SEQF1892
Brevundimonas,diminuta,ATCC 11568,SEQF2056
Brochothrix,thermosphacta,bth_7810,SEQF2904
Bulleidia,extructa,"W1219, ATCC BAA-170, DSM 13220",SEQF1730
Bulleidia,extructa,"ATCC BAA-170, DSM 13220",SEQF1088
Burkholderia,cepacia,GG4,SEQF2408
Burkholderia,cepacia,JBK9,SEQF2716
Caldilinea,aerophila,DSM 14535 = NBRC 104270,SEQF2717
Campylobacter,concisus,ATCC 51562,SEQF2579
Campylobacter,concisus,ATCC 51561,SEQF2578
Campylobacter,concisus,strain 13826,SEQF1177
Campylobacter,concisus,UNSWCD,SEQF2326
Campylobacter,concisus,UNSW1,SEQF2580
Campylobacter,curvus,525.92,SEQF1178
Campylobacter,curvus,DSM 6644,SEQF2488
Campylobacter,gracilis,RM3268,SEQF2434
Campylobacter,gracilis,ATCC 33236,SEQF1005
Campylobacter,rectus,RM3267,SEQF1575
Campylobacter,rectus,ATCC 33238,SEQF1089
Campylobacter,showae,RM3277,SEQF1731
Campylobacter,showae,ATCC 51146,SEQF1091
Campylobacter,showae,CSUNSWCD,SEQF2416
Campylobacter,showae,CC57C,SEQF2476
Campylobacter,sputorum,INTA08/209,SEQF3088
Campylobacter,ureolyticus,ACS-301-V-Sch3b,SEQF2613
Campylobacter,ureolyticus,DSM 20703,SEQF2614
Candidate division TM7,bacterium,JGI 0001002-L20,SEQF2723
Candidate division TM7,genomosp.,GTL1,SEQF2722
Candidatus Saccharibacteria,bacterium,RAAC3_TM7_1,SEQF2737
Candidatus Saccharimonas,aalborgensis,NA,SEQF2721
Capnocytophaga,gingivalis,ATCC 33624,SEQF1602
Capnocytophaga,granulosa,ATCC 51502,SEQF1653
Capnocytophaga,haemolytica,CCUG 32990,SEQF2788
Capnocytophaga,leadbetteri,F0087,SEQF1684
Capnocytophaga,ochracea,str. Holt 25,SEQF2387
Capnocytophaga,ochracea,F0287,SEQF1006
Capnocytophaga,ochracea,"DSM 7271, ATCC 27872, JCM 12966",SEQF1008
Capnocytophaga,sp. HMT 323,F0383,SEQF2747
Capnocytophaga,sp. HMT 324,F0483,SEQF1938
Capnocytophaga,sp. HMT 326,F0382,SEQF1900
Capnocytophaga,sp. HMT 332,F0381,SEQF1937
Capnocytophaga,sp. HMT 335,F0486,SEQF1906
Capnocytophaga,sp. HMT 336,F0502,SEQF1970
Capnocytophaga,sp. HMT 338,F0234,SEQF1687
Capnocytophaga,sp. HMT 380,F0488,SEQF1950
Capnocytophaga,sp. HMT 412,F0487,SEQF1909
Capnocytophaga,sp. HMT 863,F0517,SEQF2319
Capnocytophaga,sp. HMT 864,F0512,SEQF3058
Capnocytophaga,sp. HMT 878,F0545,SEQF3059
Capnocytophaga,sp. HMT 902,W10638,SEQF3174
Capnocytophaga,sp. HMT 903,W10654,SEQF3176
Capnocytophaga,sputigena,ATCC 33612,SEQF1576
Cardiobacterium,hominis,ATCC 15826,SEQF1604
Cardiobacterium,valvarum,F0432,SEQF1860
Catonella,morbi,ATCC 51271,SEQF1596
Centipeda,periodontii,DSM 2778,SEQF1958
Chlamydophila,pneumoniae,J138,SEQF1181
Chlamydophila,pneumoniae,LPCoLN,SEQF1399
Chlamydophila,pneumoniae,CWL029,SEQF1180
Chlamydophila,pneumoniae,TW-183,SEQF1182
Chlamydophila,pneumoniae,AR39,SEQF1179
Chlorobium,limicola,DSM 245,SEQF2718
Clostridiales [F-3][G-1],bacterium HMT 876,F0540,SEQF2456
Comamonas,testosteroni,CNB-2,SEQF2047
Comamonas,testosteroni,KF-1,SEQF1981
Comamonas,testosteroni,S44,SEQF2058
Comamonas,testosteroni,ATCC 11996,SEQF2057
Corynebacterium,accolens,kpl1818,SEQF2986
Corynebacterium,accolens,kpl1986,SEQF2937
Corynebacterium,accolens,kpl1824,SEQF2954
Corynebacterium,accolens,kpl1996,SEQF3027
Corynebacterium,accolens,kpl1814,SEQF2988
Corynebacterium,accolens,kpl1859,SEQF2940
Corynebacterium,accolens,kpl2004,SEQF2953
Corynebacterium,accolens,kpl1998,SEQF3026
Corynebacterium,accolens,kpl1855,SEQF2935
Corynebacterium,afermentans,lcdc880199,SEQF2886
Corynebacterium,amycolatum,hmsc065h09,SEQF3020
Corynebacterium,amycolatum,hmsc073h12,SEQF3033
Corynebacterium,amycolatum,hmsc14h10,SEQF3037
Corynebacterium,amycolatum,hmsc074c05,SEQF2995
Corynebacterium,amycolatum,hfh0082,SEQF3012
Corynebacterium,amycolatum,atcc_6931,SEQF2910
Corynebacterium,amycolatum,hmsc064e08,SEQF2942
Corynebacterium,amycolatum,hmsc077c02,SEQF2951
Corynebacterium,amycolatum,hmsc063g05,SEQF2964
Corynebacterium,amycolatum,hmsc064h12,SEQF3024
Corynebacterium,amycolatum,hmsc061h03,SEQF3028
Corynebacterium,amycolatum,hmsc055g02,SEQF3015
Corynebacterium,amycolatum,hmsc064e07,SEQF2967
Corynebacterium,amycolatum,hmsc063a05,SEQF2975
Corynebacterium,amycolatum,hmsc077g07,SEQF3031
Corynebacterium,amycolatum,hmsc064e10,SEQF2979
Corynebacterium,amycolatum,hmsc11h10,SEQF3006
Corynebacterium,amycolatum,hmsc072b09,SEQF3014
Corynebacterium,amycolatum,hmsc070b05,SEQF2949
Corynebacterium,amycolatum,hmsc074c11,SEQF3017
Corynebacterium,amycolatum,hmsc077g01,SEQF3034
Corynebacterium,amycolatum,hmsc063f04,SEQF2992
Corynebacterium,amycolatum,hmsc074c04,SEQF2996
Corynebacterium,amycolatum,hmsc072b08,SEQF3013
Corynebacterium,amycolatum,hmsc14b06,SEQF2956
Corynebacterium,appendicis,"CIP_107643,DSM_44531",SEQF2915
Corynebacterium,aurimucosum,hmsc035e02,SEQF3045
Corynebacterium,aurimucosum,hmsc062a03,SEQF2981
Corynebacterium,aurimucosum,hmsc056e09,SEQF2991
Corynebacterium,aurimucosum,hmsc036d02,SEQF2938
Corynebacterium,aurimucosum,hmsc055a01,SEQF3019
Corynebacterium,aurimucosum,hmsc068g04,SEQF3032
Corynebacterium,aurimucosum,hmsc056f09,SEQF3048
Corynebacterium,aurimucosum,hmsc074h12,SEQF2989
Corynebacterium,aurimucosum,hmsc074e01,SEQF2950
Corynebacterium,aurimucosum,hmsc070e08,SEQF2971
Corynebacterium,aurimucosum,hmsc069e04,SEQF3043
Corynebacterium,aurimucosum,hmsc078c09,SEQF3010
Corynebacterium,aurimucosum,hmsc066c02,SEQF2936
Corynebacterium,aurimucosum,hmsc072d12,SEQF2944
Corynebacterium,aurimucosum,hmsc072a02,SEQF3042
Corynebacterium,aurimucosum,hmsc072a04,SEQF3046
Corynebacterium,aurimucosum,hmsc074c01,SEQF3001
Corynebacterium,aurimucosum,hmsc05d03,SEQF3009
Corynebacterium,aurimucosum,hmsc078a10,SEQF2939
Corynebacterium,aurimucosum,hmsc065d07,SEQF2948
Corynebacterium,bovis,DSM 20582,SEQF3082
Corynebacterium,coyleae,hmsc070h05,SEQF3004
Corynebacterium,coyleae,hmsc067d03,SEQF3008
Corynebacterium,coyleae,hmsc034b08,SEQF2968
Corynebacterium,coyleae,hmsc055d05,SEQF3003
Corynebacterium,coyleae,hmsc036e10,SEQF3007
Corynebacterium,coyleae,hmsc034e11,SEQF2945
Corynebacterium,coyleae,hmsc08f01,SEQF2957
Corynebacterium,coyleae,hmsc05c01,SEQF2962
Corynebacterium,coyleae,hmsc075d04,SEQF3038
Corynebacterium,coyleae,hmsc11d10,SEQF2907
Corynebacterium,diphtheriae,NCTC 13129,SEQF1184
Corynebacterium,diphtheriae,str. Aberdeen,SEQF2704
Corynebacterium,diphtheriae,C7 (beta),SEQF2269
Corynebacterium,diphtheriae,HC03,SEQF2273
Corynebacterium,diphtheriae,VA01,SEQF2277
Corynebacterium,diphtheriae,DSM 43988,SEQF2703
Corynebacterium,diphtheriae,BH8,SEQF2268
Corynebacterium,diphtheriae,HC02,SEQF2272
Corynebacterium,diphtheriae,PW8,SEQF2276
Corynebacterium,diphtheriae,31A,SEQF2267
Corynebacterium,diphtheriae,HC01,SEQF2271
Corynebacterium,diphtheriae,INCA 402,SEQF2275
Corynebacterium,diphtheriae,CDCE 8392,SEQF2270
Corynebacterium,diphtheriae,HC04,SEQF2274
Corynebacterium,diphtheriae,bv. intermedius str. NCTC 5011,SEQF2388
Corynebacterium,diphtheriae,241,SEQF2048
Corynebacterium,durum,F0235,SEQF1897
Corynebacterium,jeikeium,hmsc058e07,SEQF3023
Corynebacterium,jeikeium,hmsc08a12,SEQF2978
Corynebacterium,kroppenstedtii,dsm_44385,SEQF2862
Corynebacterium,macginleyi,NML 080212,SEQF3162
Corynebacterium,macginleyi,CCUG 32361,SEQF3149
Corynebacterium,macginleyi,NML 120205,SEQF3161
Corynebacterium,massiliense,DSM 45435,SEQF3085
Corynebacterium,mastitidis,DSM 44356,SEQF3083
Corynebacterium,matruchotii,ATCC 14266,SEQF1013
Corynebacterium,matruchotii,ATCC 33806,SEQF1648
Corynebacterium,minutissimum,hmsc05e07,SEQF3047
Corynebacterium,minutissimum,atcc_23348,SEQF2878
Corynebacterium,mucifaciens,ATCC 700355,SEQF3150
Corynebacterium,pilbarense,hmsc034a01,SEQF2998
Corynebacterium,pilbarense,hmsc05h05,SEQF2969
Corynebacterium,propinquum,DSM 44285,SEQF3081
Corynebacterium,pseudodiphtheriticum,EPI_003_04_2554_SCH2473622,SEQF3041
Corynebacterium,pseudodiphtheriticum,kpl1989,SEQF2972
Corynebacterium,pseudodiphtheriticum,kpl1995,SEQF2911
Corynebacterium,simulans,hmsc06g04,SEQF3029
Corynebacterium,simulans,hmsc06d04,SEQF2955
Corynebacterium,simulans,hmsc076d02,SEQF3036
Corynebacterium,simulans,hmsc077d03,SEQF3002
Corynebacterium,simulans,hmsc071f07,SEQF3005
Corynebacterium,simulans,hmsc08c04,SEQF2952
Corynebacterium,simulans,hmsc036d03,SEQF2961
Corynebacterium,simulans,pes1,SEQF2866
Corynebacterium,singulare,ibs_b52218,SEQF2846
Corynebacterium,singulare,hmsc078h07,SEQF3039
Corynebacterium,sp. HMT 207,nml_120412,SEQF3049
Corynebacterium,sp. HMT 207,hmsc074a01,SEQF2851
Corynebacterium,sp. HMT 207,hmsc071b10,SEQF3040
Corynebacterium,sp. HMT 207,nml_150383,SEQF3050
Corynebacterium,striatum,hmsc06c06,SEQF2999
Corynebacterium,striatum,hmsc05d08,SEQF3044
Corynebacterium,striatum,kc_na_01,SEQF2859
Corynebacterium,tuberculostearicum,kpl1857,SEQF2994
Corynebacterium,tuberculostearicum,kpl1860,SEQF2993
Corynebacterium,tuberculostearicum,kpl1817,SEQF3030
Corynebacterium,tuberculostearicum,og2,SEQF2987
Corynebacterium,tuberculostearicum,kpl1821,SEQF2943
Corynebacterium,tuberculostearicum,kpl1856,SEQF2977
Corynebacterium,tuberculostearicum,sk141,SEQF2882
Corynebacterium,tuscaniense,DNF00037,SEQF2784
Corynebacterium,urealyticum,DSM 7109,SEQF1976
Corynebacterium,urealyticum,hmsc27b11,SEQF2912
Corynebacterium,urealyticum,hmsc22b11,SEQF2970
Corynebacterium,urealyticum,DSM 7111,SEQF2440
Cronobacter,sakazakii,SP291,SEQF2692
Cronobacter,sakazakii,680,SEQF2669
Cronobacter,sakazakii,ES15,SEQF2691
Cronobacter,sakazakii,CMCC 45402,SEQF2690
Cronobacter,sakazakii,ATCC BAA-894,SEQF1185
Cryptobacterium,curtum,"DSM 15641, ATCC 700683, 12-3T",SEQF1480
Cupriavidus,gilardii,cr3,SEQF2854
Cutibacterium,acnes,J165,SEQF2189
Cutibacterium,acnes,266,SEQF2161
Cutibacterium,acnes,TypeIA2 P.acn31,SEQF2165
Cutibacterium,acnes,"KPA171202, DSM 16379",SEQF1286
Cutibacterium,acnes,J139,SEQF1801
Cutibacterium,acnes,SK137,SEQF1014
Cutibacterium,acnes,SK187,SEQF2192
Cutibacterium,acnes,TypeIA2 P.acn17,SEQF2164
Cutibacterium,acnes,SK182B-JCVI,SEQF2191
Cutibacterium,acnes,ATCC 11828,SEQF2163
Cutibacterium,acnes,SK182,SEQF2190
Cutibacterium,acnes,6609,SEQF2162
Cutibacterium,acnes,TypeIA2 P.acn33,SEQF2166
Cutibacterium,avidum,ATCC 25577,SEQF1990
Cutibacterium,avidum,44067,SEQF2522
Cutibacterium,granulosum,DSM_20700,SEQF2902
Cutibacterium,sp. HMT 193,F0672,SEQF2808
Delftia,acidovorans,2167 DR66,SEQF2709
Delftia,acidovorans,"SPH-1, ATCC15668",SEQF1413
Delftia,acidovorans,CCUG 274B,SEQF2537
Delftia,acidovorans,CCUG 15835,SEQF2536
Dermabacter,hominis,WMB0490,SEQF3077
Dermabacter,hominis,1368,SEQF2887
Desulfobulbus,sp. HMT 041,Dsb2,SEQF2485
Desulfobulbus,sp. HMT 041,Dsb3,SEQF2486
Desulfomicrobium,orale,DSM 12838,SEQF2794
Desulfovibrio,fairfieldensis,CCUG 45958,SEQF2793
Dialister,invisus,DSM 15470,SEQF1103
Dialister,micraerophilus,DSM 19965,SEQF1959
Dialister,pneumosintes,f0677,SEQF2855
Dietzia,cinnamea,p4,SEQF2890
Dietzia,sp. HMT 368,W5195,SEQF3071
Dolosigranulum,pigrum,ATCC 51524,SEQF2059
Eggerthella,lenta,"DSM 2243, VPI 0255",SEQF1498
Eggerthia,catenaformis,OT 569 = DSM 20559,SEQF2477
Eikenella,corrodens,ATCC 23834,SEQF1016
Eikenella,corrodens,CC92I,SEQF2615
Enhydrobacter,aerosaccus,cgmcc9176,SEQF2845
Enterobacter,cancerogenus,YZ1,SEQF2604
Enterobacter,cancerogenus,ATCC 35316,SEQF1481
Enterobacter,hormaechei,ATCC 49162,SEQF1960
Enterococcus,casseliflavus,ATCC 12755,SEQF1961
Enterococcus,casseliflavus,EC30,SEQF1734
Enterococcus,casseliflavus,14-MB-W-14,SEQF2549
Enterococcus,durans,IPLA 655,SEQF2484
Enterococcus,durans,ATCC 6056,SEQF2534
Enterococcus,durans,FB129-CNAB4,SEQF2417
Enterococcus,faecalis,ATCC 29200,SEQF1736
Enterococcus,faecalis,"V583, ATCC 700802",SEQF1080
Enterococcus,faecalis,HH22,SEQF1449
Enterococcus,faecalis,"OG1RF, ATCC 47077",SEQF1495
Enterococcus,faecalis,TX1322,SEQF1752
Enterococcus,faecalis,TX0104,SEQF1260
Enterococcus,faecalis,TUSoD Ef11,SEQF1751
Enterococcus,faecalis,62,SEQF2278
Enterococcus,italicus,DSM 15952,SEQF2019
Enterococcus,saccharolyticus,30_1,SEQF2060
Enterococcus,saccharolyticus,ATCC 43076,SEQF2533
Erysipelothrix,tonsillarum,DSM 14972,SEQF2490
Erythromicrobium,ramosum,JCM 10282,SEQF3151
Escherichia,coli,str. K-12 substr. DH10B,SEQF1504
Escherichia,coli,O157:H7 str. EC4113,SEQF1510
Escherichia,coli,O157:H7 str. EC4486,SEQF1515
Escherichia,coli,SECEC SMS-3-5,SEQF1519
Escherichia,coli,O111:H- str. 11128,SEQF1710
Escherichia,coli,B str. REL606,SEQF1191
Escherichia,coli,E110019 (O111:H9),SEQF1196
Escherichia,coli,ED1a (O81),SEQF1200
Escherichia,coli,IAI39 (O7:K1),SEQF1207
Escherichia,coli,UMN026 (O17:K52:H18),SEQF1218
Escherichia,coli,APEC O1,SEQF1430
Escherichia,coli,BL21(DE3),SEQF1503
Escherichia,coli,O157:H7 str. EC4076 ,SEQF1509
Escherichia,coli,O157:H7 str. EC4401,SEQF1514
Escherichia,coli,O157:H7 str. EC869,SEQF1518
Escherichia,coli,LF82,SEQF1639
Escherichia,coli,55989,SEQF1189
Escherichia,coli,CFT073,SEQF1194
Escherichia,coli,83972,SEQF1754
Escherichia,coli,42,SEQF1199
Escherichia,coli,IAI1 (O8),SEQF1206
Escherichia,coli,S88 (O45:K1),SEQF1217
Escherichia,coli,O157:H7 str. TW14359,SEQF1247
Escherichia,coli,O157:H7 str. EC4115,SEQF1511
Escherichia,coli,C str. ATCC 8739,SEQF1429
Escherichia,coli,O157:H7 str. EC4045,SEQF1508
Escherichia,coli,O157:H7 str. EC4206,SEQF1513
Escherichia,coli,O157:H7 str. EC508,SEQF1517
Escherichia,coli,O157:H7 str. TW14588,SEQF1137
Escherichia,coli,53638,SEQF1188
Escherichia,coli,O103:H2 str. 12009,SEQF1712
Escherichia,coli,B7A (O148:H28:CS6:LT+:ST+),SEQF1193
Escherichia,coli,E24377A,SEQF1198
Escherichia,coli,HS,SEQF1205
Escherichia,coli,O157:H7 EDL933,SEQF1213
Escherichia,coli,K12 W3110,SEQF1220
Escherichia,coli,BW2952,SEQF1713
Escherichia,coli,SE11,SEQF1376
Escherichia,coli,0157:H7 str. Sakai,SEQF1408
Escherichia,coli,536,SEQF1433
Escherichia,coli,O157:H7 str. EC4042,SEQF1507
Escherichia,coli,O157:H7 str. EC4196,SEQF1512
Escherichia,coli,O157:H7 str. EC4501,SEQF1516
Escherichia,coli,BL21(DE3),SEQF1572
Escherichia,coli,O127:H6 str. E2348/69,SEQF1624
Escherichia,coli,101-1,SEQF1186
Escherichia,coli,O26:H11 str. 11368,SEQF1711
Escherichia,coli,B171 (O111:NM),SEQF1192
Escherichia,coli,E22,SEQF1197
Escherichia,coli,F11,SEQF1203
Escherichia,coli,str. K-12 substr. MG1655,SEQF1208
Escherichia,coli,UTI89,SEQF1219
Eubacterium,limosum,KIST612,SEQF1927
Fastidiosipila,sanguinis,CCUG 47711,SEQF3054
Filifactor,alocis,ATCC 35896,SEQF1018
Finegoldia,magna,ACS-171-V-Col3,SEQF2061
Finegoldia,magna,ATCC 29328,SEQF2435
Finegoldia,magna,BVS033A4,SEQF2062
Finegoldia,magna,ATCC 53516,SEQF1641
Finegoldia,magna,ALB8,SEQF2642
Finegoldia,magna,SY403409CC001050417,SEQF2063
Fretibacterium,fastidiosum,SGP1,SEQF1674
Fusobacterium,gonidiaformans,3-1-5R,SEQF2550
Fusobacterium,gonidiaformans,ATCC 25563,SEQF1983
Fusobacterium,hwasookii,ChDC F174,SEQF2842
Fusobacterium,hwasookii,ChDC F300,SEQF2841
Fusobacterium,hwasookii,ChDC F206,SEQF2840
Fusobacterium,hwasookii,ChDC F128,SEQF2843
Fusobacterium,n,NCTC13121,SEQF3164
Fusobacterium,naviforme,CCUG 50052,SEQF3163
Fusobacterium,naviforme,ATCC 25832,SEQF3152
Fusobacterium,necrophorum,subsp. funduliforme ATCC 51357,SEQF2347
Fusobacterium,necrophorum,subsp. funduliforme B35,SEQF2670
Fusobacterium,necrophorum,subsp. funduliforme Fnf 1007,SEQF2389
Fusobacterium,necrophorum,D12,SEQF2532
Fusobacterium,necrophorum,subsp. funduliforme 1_1_36S,SEQF2064
Fusobacterium,nucleatum subsp. animalis,F0419,SEQF1883
Fusobacterium,nucleatum subsp. animalis,21_1A,SEQF2530
Fusobacterium,nucleatum subsp. animalis,hmsc065f01,SEQF2959
Fusobacterium,nucleatum subsp. animalis,7_1,SEQF2817
Fusobacterium,nucleatum subsp. animalis,ATCC 51191,SEQF2065
Fusobacterium,nucleatum subsp. animalis,KCOM 1279,SEQF2816
Fusobacterium,nucleatum subsp. animalis,4_8,SEQF2539
Fusobacterium,nucleatum subsp. animalis,cm1,SEQF2973
Fusobacterium,nucleatum subsp. animalis,KCOM 1325,SEQF2815
Fusobacterium,nucleatum subsp. animalis,11_3_2,SEQF2531
Fusobacterium,nucleatum subsp. nucleatum,KCOM 1250,SEQF2822
Fusobacterium,nucleatum subsp. nucleatum,"ChDC F316,KCOM 1322",SEQF2821
Fusobacterium,nucleatum subsp. nucleatum,ATCC 23726,SEQF2067
Fusobacterium,nucleatum subsp. nucleatum,ATCC 25586,SEQF1078
Fusobacterium,nucleatum subsp. polymorphum,obrc1,SEQF3025
Fusobacterium,nucleatum subsp. polymorphum,ChDC F306,SEQF2814
Fusobacterium,nucleatum subsp. polymorphum,F0401,SEQF1680
Fusobacterium,nucleatum subsp. polymorphum,NCTC10562,SEQF2813
Fusobacterium,nucleatum subsp. polymorphum,hmsc064b11,SEQF3018
Fusobacterium,nucleatum subsp. polymorphum,ChDC F319,SEQF2812
Fusobacterium,nucleatum subsp. polymorphum,ATCC 10953,SEQF1075
Fusobacterium,nucleatum subsp. vincentii,"ChDC F8,KCOM 1231",SEQF2818
Fusobacterium,nucleatum subsp. vincentii,hmsc064b12,SEQF2980
Fusobacterium,nucleatum subsp. vincentii,3_1_36A2,SEQF2820
Fusobacterium,nucleatum subsp. vincentii,ATCC 49256,SEQF1076
Fusobacterium,nucleatum subsp. vincentii,3_1_27,SEQF2819
Fusobacterium,periodonticum,ATCC 33693,SEQF1160
Fusobacterium,periodonticum,D10,SEQF2406
Fusobacterium,periodonticum,2_1_31,SEQF2529
Fusobacterium,periodonticum,1_1_41FAA,SEQF2555
Fusobacterium,sp. HMT 203,cm22,SEQF2985
Fusobacterium,sp. HMT 203,w7671,SEQF2896
Fusobacterium,sp. HMT 370,F0437,SEQF1879
Gardnerella,vaginalis,5-1,SEQF2282
Gardnerella,vaginalis,HMP9231,SEQF2049
Gardnerella,vaginalis,315-A,SEQF2280
Gardnerella,vaginalis,409-05,SEQF1577
Gardnerella,vaginalis,ATCC 14019,SEQF1757
Gardnerella,vaginalis,AMD,SEQF2068
Gardnerella,vaginalis,284V,SEQF2492
Gardnerella,vaginalis,1500E,SEQF2491
Gemella,bergeri,ATCC 700627,SEQF2460
Gemella,haemolysans,M341,SEQF2070
Gemella,haemolysans,ATCC 10379,SEQF1019
Gemella,morbillorum,M424,SEQF2298
Gemella,sanguinis,M325,SEQF2071
Gemella,sp. HMT 928,W2231,SEQF2783
Gracilibacteria,bacterium,JGI 0000069-K10,SEQF2725
Gracilibacteria,bacterium,JGI 0000069-P22,SEQF2724
Granulicatella,adiacens,ATCC 49175,SEQF1605
Granulicatella,elegans,ATCC 700633,SEQF1608
Haematobacter,missouriensis,h2381,SEQF2853
Haemophilus,aegyptius,ATCC 11116,SEQF1963
Haemophilus,ducreyi,35000HP,SEQF1027
Haemophilus,haemolyticus,M21639,SEQF2076
Haemophilus,haemolyticus,M19107,SEQF2072
Haemophilus,haemolyticus,M21621,SEQF2075
Haemophilus,haemolyticus,c1,SEQF2997
Haemophilus,haemolyticus,HK386,SEQF2348
Haemophilus,haemolyticus,M21127,SEQF2074
Haemophilus,haemolyticus,F0397,SEQF1850
Haemophilus,haemolyticus,M19501,SEQF2073
Haemophilus,influenzae,RdAW,SEQF1759
Haemophilus,influenzae,hmsc071c11,SEQF3016
Haemophilus,influenzae,HK1212,SEQF1487
Haemophilus,influenzae,7P49H1,SEQF1112
Haemophilus,influenzae,86-028NP,SEQF1227
Haemophilus,influenzae,PittII,SEQF1234
Haemophilus,influenzae,10810,SEQF1238
Haemophilus,influenzae,nml_hia_1,SEQF2906
Haemophilus,influenzae,NT127,SEQF1758
Haemophilus,influenzae,Rd KW20,SEQF2052
Haemophilus,influenzae,6P18H1,SEQF1111
Haemophilus,influenzae,3655,SEQF1226
Haemophilus,influenzae,PittHH,SEQF1233
Haemophilus,influenzae,R3021,SEQF1237
Haemophilus,influenzae,F3047,SEQF2051
Haemophilus,influenzae, 22.4-21,SEQF1224
Haemophilus,influenzae,PittEE,SEQF1231
Haemophilus,influenzae,R2866,SEQF1236
Haemophilus,influenzae,PittGG,SEQF1232
Haemophilus,influenzae,F3031,SEQF2050
Haemophilus,influenzae,hmsc066a11,SEQF2965
Haemophilus,influenzae,22.1-21,SEQF1223
Haemophilus,influenzae,PittAA,SEQF1228
Haemophilus,influenzae,R2846,SEQF1235
Haemophilus,parahaemolyticus,HK385,SEQF2774
Haemophilus,parainfluenzae,hmsc073c03,SEQF2976
Haemophilus,parainfluenzae,T3T1,SEQF1239
Haemophilus,parainfluenzae,hmsc61b11,SEQF3011
Haemophilus,parainfluenzae,ccug 60358,SEQF2941
Haemophilus,parainfluenzae,ATCC 33392,SEQF2077
Haemophilus,parainfluenzae,HK262,SEQF2350
Haemophilus,parainfluenzae,hmsc066d02,SEQF2983
Haemophilus,parainfluenzae,hmsc061e01,SEQF2966
Haemophilus,parainfluenzae,hmsc068c11,SEQF2974
Haemophilus,parainfluenzae,hmsc71h05,SEQF3022
Haemophilus,parainfluenzae,HK2019,SEQF2349
Haemophilus,parainfluenzae,hmsc066d03,SEQF2982
Haemophilus,paraphrohaemolyticus,HK411,SEQF2918
Haemophilus,pittmaniae,HK 85,SEQF2775
Haemophilus,sp. HMT 036,ccug_66565,SEQF2869
Haemophilus,sp. HMT 036,F0629,SEQF3061
Haemophilus,sputorum,HK 2154,SEQF2776
Helicobacter,pylori,G27,SEQF1643
Helicobacter,pylori,J99,SEQF1245
Helicobacter,pylori,Lithuania75,SEQF2410
Helicobacter,pylori,B128,SEQF1352
Helicobacter,pylori,HPAG1,SEQF1244
Helicobacter,pylori,98-10,SEQF1351
Helicobacter,pylori,Shi470,SEQF1119
Helicobacter,pylori,52,SEQF1243
Helicobacter,pylori,India7,SEQF2409
Helicobacter,pylori,P12,SEQF1644
Helicobacter,pylori,26695,SEQF1240
Helicobacter,pylori,B38,SEQF1714
Ignavibacterium,album,JCM 16511,SEQF2719
Janibacter,indicus,yfy001,SEQF2885
Johnsonella,ignava,ATCC 51276,SEQF1672
Jonquetella,anthropi,DSM 22815,SEQF2078
Jonquetella,anthropi,E3_33 E1,SEQF1476
Jonquetella,anthropi,E3_33 E1,SEQF1612
Kingella,denitrificans,ATCC 33394,SEQF2079
Kingella,kingae,PYKK081,SEQF2327
Kingella,kingae,ATCC 23330,SEQF2080
Kingella,oralis,ATCC 51147,SEQF1594
Klebsiella,aerogenes,kctc_2190,SEQF2847
Klebsiella,pneumoniae,342,SEQF1249
Klebsiella,pneumoniae,NTUH-K2044,SEQF1715
Klebsiella,pneumoniae,subsp. pneumoniae HS11286,SEQF2107
Klebsiella,pneumoniae,ATCC 13884,SEQF1760
Klebsiella,pneumoniae,KCTC 2242,SEQF2106
Klebsiella,pneumoniae,"MGH 78578, ATCC 700721",SEQF1250
Kluyvera,ascorbata,ATCC 33433,SEQF2711
Kocuria,palustris,mu14_1,SEQF2861
Kocuria,rhizophila,fdaargos_302,SEQF2871
Kytococcus,sedentarius,DSM 20547,SEQF1978
Lachnoanaerobaculum,orale,F0431,SEQF1881
Lachnoanaerobaculum,saburreum,F0468,SEQF2761
Lachnoanaerobaculum,saburreum,DSM 3986,SEQF2760
Lachnoanaerobaculum,sp. HMT 083,MSX33,SEQF2917
Lachnoanaerobaculum,umeaense,F0167,SEQF1478
Lachnospiraceae,bacterium HMT 096,F0428,SEQF3057
Lachnospiraceae [G-8],bacterium HMT500,W11650,SEQF3066
Lactobacillus,acidophilus,ATCC 4796,SEQF1761
Lactobacillus,acidophilus,DSM 9126,SEQF2602
Lactobacillus,acidophilus,30SC,SEQF2108
Lactobacillus,acidophilus,La-14,SEQF2540
Lactobacillus,acidophilus,DSM 20242,SEQF2552
Lactobacillus,acidophilus,CIRM-BIA 445,SEQF2601
Lactobacillus,acidophilus,NCFM,SEQF1073
Lactobacillus,acidophilus,CIRM-BIA 442,SEQF2551
Lactobacillus,acidophilus,CIP 76.13,SEQF2600
Lactobacillus,brevis,ATCC 367,SEQF1252
Lactobacillus,brevis,ATCC 27305,SEQF1638
Lactobacillus,brevis,KB290,SEQF2565
Lactobacillus,buchneri,ATCC 11577,SEQF2418
Lactobacillus,buchneri,NRRL B-30929,SEQF2428
Lactobacillus,buchneri,CD034,SEQF2427
Lactobacillus,casei,Lc-10,SEQF2494
Lactobacillus,casei,CRF28,SEQF2493
Lactobacillus,casei,LOCK919,SEQF2566
Lactobacillus,casei,M36,SEQF2496
Lactobacillus,casei,LC2W,SEQF2110
Lactobacillus,casei,str. Zhang,SEQF1493
Lactobacillus,casei,BL23,SEQF1246
Lactobacillus,casei,Lpc-37,SEQF2495
Lactobacillus,casei,BD-II,SEQF2109
Lactobacillus,coleohominis,101-4-CHN,SEQF1922
Lactobacillus,crispatus,FB077-07,SEQF2420
Lactobacillus,crispatus,214-1,SEQF2084
Lactobacillus,crispatus,JV-V01,SEQF1368
Lactobacillus,crispatus,ST1,SEQF1930
Lactobacillus,crispatus,FB049-03,SEQF2421
Lactobacillus,fermentum,F-6,SEQF2541
Lactobacillus,fermentum,IFO 3956,SEQF1533
Lactobacillus,fermentum,CECT 5716,SEQF1964
Lactobacillus,fermentum,MTCC 8711,SEQF2605
Lactobacillus,fermentum,ATCC 14931,SEQF1766
Lactobacillus,gasseri,JV-V03,SEQF1769
Lactobacillus,gasseri,ATCC 33323,SEQF1255
Lactobacillus,gasseri,2016,SEQF2557
Lactobacillus,gasseri,224-1,SEQF1768
Lactobacillus,gasseri,CECT 5714,SEQF2497
Lactobacillus,gasseri,202-4,SEQF1767
Lactobacillus,gasseri,K7,SEQF2558
Lactobacillus,iners,ATCC 55195,SEQF2090
Lactobacillus,iners,LactinV 11V1-d,SEQF2094
Lactobacillus,iners,LEAF 3008A-a,SEQF2098
Lactobacillus,iners,UPII 60-B,SEQF2102
Lactobacillus,iners,LactinV 09V1-c,SEQF2093
Lactobacillus,iners,LEAF 2062A-h1,SEQF2097
Lactobacillus,iners,UPII 143-D,SEQF2101
Lactobacillus,iners,DSM 13335,SEQF1770
Lactobacillus,iners,LactinV 03V1-b,SEQF2092
Lactobacillus,iners,LEAF 2053A-b,SEQF2096
Lactobacillus,iners,SPIN 2503V10-D,SEQF2100
Lactobacillus,iners,LactinV 01V1-a,SEQF2091
Lactobacillus,iners,LEAF 2052A-d,SEQF2095
Lactobacillus,iners,SPIN 1401G,SEQF2099
Lactobacillus,jensenii,269-3,SEQF1773
Lactobacillus,jensenii,1153,SEQF1649
Lactobacillus,jensenii,JV-V16,SEQF1104
Lactobacillus,johnsonii,pf01,SEQF2103
Lactobacillus,johnsonii,DPC 6026,SEQF2111
Lactobacillus,johnsonii,FI9785,SEQF1716
Lactobacillus,johnsonii,ATCC 33200,SEQF1776
Lactobacillus,johnsonii,NCC 533,SEQF1026
Lactobacillus,johnsonii,N6.2,SEQF2611
Lactobacillus,kisonensis,F0435,SEQF1861
Lactobacillus,oris,PB013-T2-3,SEQF1910
Lactobacillus,oris,F0423,SEQF1856
Lactobacillus,panis,DSM 6035,SEQF2809
Lactobacillus,paracasei,ATCC 334,SEQF1254
Lactobacillus,paracasei,Lpl7,SEQF2526
Lactobacillus,paracasei,ATCC 25302,SEQF1777
Lactobacillus,paracasei,Lpp120,SEQF2528
Lactobacillus,paracasei,Lpp230,SEQF2527
Lactobacillus,paracasei,8700:2,SEQF1262
Lactobacillus,parafarraginis,F0439,SEQF1862
Lactobacillus,pentosus,KCA1,SEQF2419
Lactobacillus,plantarum,UCMA 3037,SEQF2498
Lactobacillus,plantarum,subsp. plantarum ATCC 14917,SEQF1984
Lactobacillus,plantarum,IPLA88,SEQF2525
Lactobacillus,plantarum,ZJ316,SEQF2441
Lactobacillus,plantarum,subsp. plantarum P-8,SEQF2543
Lactobacillus,plantarum,WCFS1,SEQF1965
Lactobacillus,plantarum,JDM1,SEQF2112
Lactobacillus,plantarum,16,SEQF2542
Lactobacillus,plantarum,subsp. plantarum ST-III,SEQF2113
Lactobacillus,plantarum,subsp. plantarum NC8,SEQF2104
Lactobacillus,rapi,DSM 19907 = JCM 15042,SEQF2810
Lactobacillus,reuteri clade 818,MM2-3,SEQF1779
Lactobacillus,reuteri clade 818,SD2112,SEQF1369
Lactobacillus,reuteri clade 818,"F275, JCM 1112, DSM 20016",SEQF1095
Lactobacillus,reuteri clade 818,TD1,SEQF2567
Lactobacillus,reuteri clade 818,CF48-3A,SEQF1778
Lactobacillus,reuteri clade 818,100-23,SEQF1120
Lactobacillus,reuteri clade 818,I5007,SEQF2544
Lactobacillus,reuteri clade 818,"JCM 1112, F275",SEQF1121
Lactobacillus,reuteri clade 818,MM4-1A,SEQF1780
Lactobacillus,rhamnosus,ATCC 8530,SEQF2114
Lactobacillus,rhamnosus,GG,SEQF1717
Lactobacillus,rhamnosus,R0011,SEQF2119
Lactobacillus,rhamnosus,Lc 705,SEQF1718
Lactobacillus,rhamnosus,LMS2-1,SEQF1781
Lactobacillus,rhamnosus,MTCC 5462,SEQF2118
Lactobacillus,rhamnosus,HN001,SEQF1257
Lactobacillus,rhamnosus,LRHMDP3,SEQF2500
Lactobacillus,rhamnosus,LOCK908,SEQF2569
Lactobacillus,rhamnosus,ATCC 21052,SEQF2117
Lactobacillus,rhamnosus,LRHMDP2,SEQF2499
Lactobacillus,rhamnosus,LOCK900,SEQF2568
Lactobacillus,salivarius,CECT 5713,SEQF1966
Lactobacillus,salivarius,ACS-116-V-Col5a,SEQF2120
Lactobacillus,salivarius,ATCC 11741,SEQF1782
Lactobacillus,salivarius,SMXD51,SEQF2328
Lactobacillus,salivarius,NIAS840,SEQF2122
Lactobacillus,salivarius,cp400,SEQF2628
Lactobacillus,salivarius,GJ-24,SEQF2121
Lactobacillus,salivarius,UCC118,SEQF1259
Lactobacillus,ultunensis,dsm_16047,SEQF2852
Lactobacillus,vaginalis,ATCC 49540,SEQF1783
Lactococcus,lactis,CNCM I-1631,SEQF2374
Lactococcus,lactis,CV56,SEQF2152
Lactococcus,lactis,str. TIFN4,SEQF2561
Lactococcus,lactis,IO-1,SEQF2473
Lactococcus,lactis,NZ9000,SEQF2151
Lactococcus,lactis,SK11,SEQF1501
Lactococcus,lactis,KF147,SEQF1719
Lactococcus,lactis,str. TIFN2,SEQF2560
Lactococcus,lactis,UC509.9,SEQF2570
Lactococcus,lactis,A76,SEQF2150
Lactococcus,lactis,MG1363,SEQF1500
Lactococcus,lactis,IL1403,SEQF1482
Lactococcus,lactis,TIFN7,SEQF2559
Lautropia,mirabilis,ATCC 51599,SEQF1967
Lawsonella,clevelandensis,x1698,SEQF2877
Leptotrichia,buccalis,"C-1013-b, DSM 1135, ATCC 14201, JCM 1296",SEQF1287
Leptotrichia,buccalis,ATCC 14201,SEQF1028
Leptotrichia,goodfellowii,DSM 19756,SEQF2629
Leptotrichia,goodfellowii,F0264,SEQF1600
Leptotrichia,hofstadii,F0254,SEQF1601
Leptotrichia,hofstadii,DSM 21651,SEQF2581
Leptotrichia,hongkongensis,JMUB5056,SEQF3159
Leptotrichia,shahii,DSM 19757,SEQF2501
Leptotrichia,sp. HMT 212,W10393,SEQF2748
Leptotrichia,sp. HMT 215,W9775,SEQF2444
Leptotrichia,sp. HMT 223,F0708,SEQF3177
Leptotrichia,sp. HMT 225,F0581,SEQF2452
Leptotrichia,sp. HMT 417,F0703,SEQF3178
Leptotrichia,sp. HMT 498,f0590,SEQF2920
Leptotrichia,sp. HMT 847,F0260,SEQF2790
Leptotrichia,sp. HMT 879,F0557,SEQF2353
Leptotrichia,wadei,DSM 19758,SEQF2502
Leptotrichia,wadei,F0279,SEQF1618
Listeria,monocytogenes,HCC23,SEQF1574
Listeria,monocytogenes,08-5923,SEQF1720
Listeria,monocytogenes,1/2a F6854,SEQF1050
Listeria,monocytogenes,FSL N1-017,SEQF1544
Listeria,monocytogenes,Finland 1988,SEQF1548
Listeria,monocytogenes,serotype 4b str. CLIP 80459,SEQF1721
Listeria,monocytogenes,FSL F2-208,SEQF2123
Listeria,monocytogenes,serotype 4a str. L99,SEQF2155
Listeria,monocytogenes,FSL J1-194,SEQF1479
Listeria,monocytogenes,FSL J2-071,SEQF1543
Listeria,monocytogenes,FSL R2-561,SEQF1547
Listeria,monocytogenes,J2818,SEQF1552
Listeria,monocytogenes,M7,SEQF2154
Listeria,monocytogenes,F6900,SEQF1459
Listeria,monocytogenes,4b H7858,SEQF1052
Listeria,monocytogenes,FSL R2-503,SEQF1546
Listeria,monocytogenes,J0161,SEQF1551
Listeria,monocytogenes,EGD-e,SEQF2153
Listeria,monocytogenes,10403S,SEQF1456
Listeria,monocytogenes,4b F2365,SEQF1051
Listeria,monocytogenes,FSL N3-165,SEQF1545
Listeria,monocytogenes,HPB2262,SEQF1549
Listeria,monocytogenes,08-5578,SEQF1053
Lysinibacillus,fusiformis,ZC1,SEQF1920
Lysinibacillus,fusiformis,ZB2,SEQF2422
Megasphaera,micronuciformis,F0359,SEQF1685
Melioribacter,roseus,P3M-2,SEQF2720
Mesorhizobium,loti,USDA 3471,SEQF2764
Mesorhizobium,loti,NZP2037,SEQF2763
Mesorhizobium,loti,MAFF303099,SEQF1025
Methanobrevibacter,oralis,JMR01,SEQF2671
Methanobrevibacter,oralis,M2 CSUR P5920,SEQF3103
Methanobrevibacter,oralis,DSM 7256,SEQF3102
Micavibrio,aeruginosavorus,arl_13,SEQF2848
Microbacterium,flavescens,F0373,SEQF1971
Microbacterium,ginsengisoli,DSM 18659,SEQF2785
Micrococcus,luteus,nctc_2665,SEQF2897
Mitsuokella,multacida,"DSM 20544, A 405-1, ATCC 27723, NCTC 10",SEQF1092
Mitsuokella,sp. HMT 131,W9106,SEQF2446
Mobiluncus,mulieris,FB024-16,SEQF2128
Mobiluncus,mulieris,ATCC 35239,SEQF2127
Mobiluncus,mulieris,28-1,SEQF1784
Mobiluncus,mulieris,ATCC 35243,SEQF1785
Mogibacterium,diversum,CCUG 47132,SEQF3053
Mogibacterium,pumilum,atcc_700696,SEQF2857
Mogibacterium,timidum,W9173,SEQF3171
Mogibacterium,timidum,ATCC 33093,SEQF2630
Moraxella,catarrhalis,hmsc061h09,SEQF2946
Moraxella,catarrhalis,RH4,SEQF1102
Moraxella,catarrhalis,7169,SEQF2132
Moraxella,catarrhalis,CO72,SEQF2136
Moraxella,catarrhalis,46P47B1,SEQF1968
Moraxella,catarrhalis,103P14B1,SEQF2131
Moraxella,catarrhalis,BC8,SEQF2135
Moraxella,catarrhalis,25240,SEQF2879
Moraxella,catarrhalis,101P30B1,SEQF2130
Moraxella,catarrhalis,BC7,SEQF2134
Moraxella,catarrhalis,12P80B1,SEQF2129
Moraxella,catarrhalis,BC1,SEQF2133
Moraxella,catarrhalis,O35E,SEQF2137
Moraxella,lincolnii,ccug_9405,SEQF2870
Moraxella,nonliquefaciens,ccug_60284,SEQF2900
Moraxella,osloensis,CCUG 350,SEQF2795
Mycobacterium,leprae,TN,SEQF1035
Mycobacterium,leprae,Br4923,SEQF1645
Mycobacterium,neoaurum,VKM Ac-1815D,SEQF2672
Mycobacterium,tuberculosis,CTRI-2,SEQF2283
Mycobacterium,tuberculosis,H37Ra,SEQF1129
Mycobacterium,tuberculosis,H37Rv (lab strain),SEQF1034
Mycobacterium,tuberculosis,CDC1551,SEQF1032
Mycobacterium,tuberculosis,UT205,SEQF2299
Mycobacterium,tuberculosis,KZN 605,SEQF1132
Mycobacterium,tuberculosis,F11 (ExPEC),SEQF1096
Mycobacterium,tuberculosis,KZN 1435,SEQF1130
Mycoplasma,fermentans,M64,SEQF1263
Mycoplasma,fermentans,JER,SEQF1928
Mycoplasma,fermentans,PG18,SEQF1265
Mycoplasma,genitalium,M6320,SEQF2378
Mycoplasma,genitalium,JCVI-1.0,SEQF2779
Mycoplasma,genitalium,M6282,SEQF2377
Mycoplasma,genitalium,M2321,SEQF2376
Mycoplasma,genitalium,"G37, ATCC 33530",SEQF1267
Mycoplasma,genitalium,M2288,SEQF2375
Mycoplasma,hominis,ATCC 23114,SEQF1722
Mycoplasma,hominis,ATCC 27545,SEQF2524
Mycoplasma,orale,ATCC 23714,SEQF2553
Mycoplasma,pneumoniae,309,SEQF2156
Mycoplasma,pneumoniae,M129-B7,SEQF2571
Mycoplasma,pneumoniae,"M129, ATCC29342",SEQF1271
Mycoplasma,pneumoniae,FH,SEQF2157
Mycoplasma,salivarium,ATCC 23064,SEQF2607
Neisseria,bacilliformis,ATCC BAA-1200,SEQF1969
Neisseria,cinerea,atcc_14685,SEQF2899
Neisseria,elongata,ATCC 29315,SEQF1166
Neisseria,flavescens,SK114,SEQF1790
Neisseria,flavescens,NRL30031/H210,SEQF1195
Neisseria,gonorrhoeae,"FA 1090, ATCC 700825",SEQF1272
Neisseria,gonorrhoeae,NCCP11945,SEQF1109
Neisseria,gonorrhoeae,DGI2,SEQF1794
Neisseria,lactamica,Y92-1009,SEQF2141
Neisseria,lactamica,020-06,SEQF2159
Neisseria,lactamica,ATCC 23970,SEQF1261
Neisseria,macacae,atcc_33926,SEQF2876
Neisseria,meningitidis,NZ-05/33,SEQF2287
Neisseria,meningitidis,"serogroup C, FAM18",SEQF1275
Neisseria,meningitidis,H44/76,SEQF2286
Neisseria,meningitidis,961-5945,SEQF2329
Neisseria,meningitidis,G2136,SEQF2285
Neisseria,meningitidis,53442,SEQF1100
Neisseria,meningitidis,"serogroup A, Z2491",SEQF1283
Neisseria,meningitidis,MC58,SEQF1276
Neisseria,meningitidis,alpha710,SEQF2284
Neisseria,meningitidis,WUE 2594,SEQF2288
Neisseria,meningitidis,alpha14,SEQF1723
Neisseria,meningitidis,8013 (serogroup C),SEQF1277
Neisseria,meningitidis,ATCC 13091,SEQF1916
Neisseria,mucosa,ATCC 25996,SEQF1175
Neisseria,mucosa,C102,SEQF2142
Neisseria,oralis,F0314,SEQF1659
Neisseria,perflava,UMB0023,SEQF3153
Neisseria,perflava,CCH6-A12,SEQF3089
Neisseria,polysaccharea,ATCC 43768,SEQF1183
Neisseria,sicca,ATCC 29256,SEQF1264
Neisseria,sicca,VK64,SEQF2351
Neisseria,sp. HMT 020,F0370,SEQF1944
Neisseria,subflava,NJ9703,SEQF1165
Neisseria,weaveri,ATCC 51223,SEQF2330
Neisseria,weaveri,LMG 5135,SEQF2331
Novosphingobium,panipatense,P5:ABC,SEQF3086
Ochrobactrum,anthropi,ATCC 49188,SEQF1457
Ochrobactrum,anthropi,W13P3,SEQF2673
Olsenella,profusa,F0195,SEQF1933
Olsenella,sp. HMT 807,F0089,SEQF2751
Olsenella,sp. HMT 809,F0356,SEQF1670
Olsenella,uli,"DSM 7084, VPI, ATCC 49627",SEQF1031
Olsenella,uli,MSTE5,SEQF2631
Oribacterium,asaccharolyticum,F0425,SEQF1854
Oribacterium,parvum,ACB1,SEQF2777
Oribacterium,sinus,F0268,SEQF1607
Oribacterium,sp. HMT 078,F0263,SEQF2448
Oribacterium,sp. HMT 078,F0262,SEQF1603
Oribacterium,sp. HMT 102,W9097,SEQF3175
Ottowia,sp. HMT 894,W10237,SEQF2749
Paenibacillus,glucanolyticus,5162,SEQF2880
Paenibacillus,glucanolyticus,W10507,SEQF3065
Paenibacillus,phoenicis,D14,SEQF1658
Paracoccus,yeei,fdaargos_252,SEQF2867
Parascardovia,denticolens,F0305,SEQF1655
Parascardovia,denticolens,IPLA 20019,SEQF2391
Parascardovia,denticolens,DSM 10105,SEQF2021
Parvimonas,micra,ATCC 33270,SEQF1029
Parvimonas,sp. HMT 110,F0139,SEQF1676
Parvimonas,sp. HMT 393,F0440,SEQF1857
Peptidiphaga,gingivicola,F0332,SEQF1660
Peptidiphaga,sp. HMT 183,F0552,SEQF2310
Peptoniphilaceae [G-1],bacterium HMT 113,W5053,SEQF2443
Peptoniphilaceae [G-3],bacterium HMT 929,W2294,SEQF3070
Peptoniphilus,asaccharolyticus,DSM 20463,SEQF3154
Peptoniphilus,harei,dnf00840,SEQF2960
Peptoniphilus,harei,acs_146_v_sch2b,SEQF2888
Peptoniphilus,harei,hmsc075b08,SEQF3035
Peptoniphilus,indolicus,ATCC 29427,SEQF1974
Peptoniphilus,lacrimalis,DSM 7455,SEQF2505
Peptoniphilus,lacrimalis,F0141,SEQF1681
Peptoniphilus,lacrimalis,315-B,SEQF1795
Peptoniphilus,sp. HMT 187,hmsc062d09,SEQF2963
Peptoniphilus,sp. HMT 375,F0436,SEQF1855
Peptoniphilus,sp. HMT 386,F0131,SEQF1472
Peptostreptococcaceae [XI][G-1],[Eubacterium] infirmum,"ATCC 700433, NCTC 12940",SEQF1108
Peptostreptococcaceae [XI][G-1],[Eubacterium] infirmum,F0142,SEQF1695
Peptostreptococcaceae [XI][G-1],[Eubacterium] sulci,ATCC 35585,SEQF2744
Peptostreptococcaceae [XI][G-5],[Eubacterium] saphenum,ATCC 49989,SEQF1017
Peptostreptococcaceae [XI][G-6],[Eubacterium] nodatum,ATCC 33099,SEQF2789
Peptostreptococcaceae [XI][G-6] [Eubacterium],minutum,ATCC 700079,SEQF3052
Peptostreptococcaceae [XI][G-7],bacterium HMT 081,W5028,SEQF3179
Peptostreptococcaceae [XI][G-7],[Eubacterium] yurii subsps. yurii & margaretiae,ATCC 43715,SEQF1912
Peptostreptococcaceae [XI][G-9],[Eubacterium] brachy,ATCC 33089,SEQF2787
Peptostreptococcus,anaerobius,DSM 2949,SEQF2506
Peptostreptococcus,anaerobius,653-L,SEQF1921
Peptostreptococcus,anaerobius,"VPI 4330, ATCC 27337",SEQF1895
Peptostreptococcus,stomatis,"DSM 17678, W2278",SEQF1393
Porphyrobacter,tepidarius,DSM 10594,SEQF3080
Porphyromonas,asaccharolytica,PR426713P-I,SEQF2145
Porphyromonas,asaccharolytica,DSM 20707,SEQF2160
Porphyromonas,catoniae,ATCC 51270,SEQF2632
Porphyromonas,catoniae,F0037,SEQF1936
Porphyromonas,endodontalis,ATCC 35406,SEQF1033
Porphyromonas,gingivalis,F0569,SEQF2355
Porphyromonas,gingivalis,W50,SEQF2392
Porphyromonas,gingivalis,A7A1-28,SEQF2798
Porphyromonas,gingivalis,AJW4,SEQF2742
Porphyromonas,gingivalis,ATCC 33277,SEQF1538
Porphyromonas,gingivalis,SJD2,SEQF2616
Porphyromonas,gingivalis,F0568,SEQF2366
Porphyromonas,gingivalis,W4087,SEQF2447
Porphyromonas,gingivalis,381,SEQF2797
Porphyromonas,gingivalis,JCVI SC001,SEQF2507
Porphyromonas,gingivalis,A7436,SEQF2741
Porphyromonas,gingivalis,W83,SEQF1064
Porphyromonas,gingivalis,HG66,SEQF2740
Porphyromonas,gingivalis,F0566,SEQF2458
Porphyromonas,gingivalis,TDC60,SEQF1975
Porphyromonas,gingivalis,F0570,SEQF2356
Porphyromonas,gingivalis,F0185,SEQF2457
Porphyromonas,gingivalis,MP4-504,SEQF2799
Porphyromonas,gingivalis,Ando,SEQF2743
Porphyromonas,pasteri,F0450,SEQF1907
Porphyromonas,sp. HMT 278,W7784,SEQF2357
Porphyromonas,uenonis,60-3,SEQF1796
Porphyromonas,uenonis,JCM 13868,SEQF2674
Prevotella,aurantianca,JCM 15754,SEQF3090
Prevotella,baroniae,F0067,SEQF1934
Prevotella,baroniae,DSM 16972,SEQF2582
Prevotella,baroniae,JCM 13447,SEQF2675
Prevotella,bivia,DSM 20514,SEQF2380
Prevotella,bivia,DNF00650,SEQF2730
Prevotella,bivia,JCVIHMP010,SEQF1797
Prevotella,bivia,DNF00320,SEQF2729
Prevotella,bivia,DNF00188,SEQF2728
Prevotella,buccae,ATCC 33574,SEQF1985
Prevotella,buccae,D17,SEQF1798
Prevotella,buccalis,ATCC 35310,SEQF1799
Prevotella,buccalis,DNF00985,SEQF2732
Prevotella,buccalis,DNF00853,SEQF2731
Prevotella,dentalis,DSM 3688,SEQF2022
Prevotella,denticola,DSM 20614,SEQF2563
Prevotella,denticola,F0289,SEQF1677
Prevotella,denticola,DNF00960,SEQF2733
Prevotella,denticola,CRIS 18C-A,SEQF2146
Prevotella,denticola,JCM 13449,SEQF2676
Prevotella,enoeca,F0113,SEQF2792
Prevotella,enoeca,JCM 12259,SEQF2677
Prevotella,fusca,W1435,SEQF2753
Prevotella,fusca,JCM 17724,SEQF2678
Prevotella,histicola,F0411,SEQF1852
Prevotella,histicola,JCM 15637 = DNF00424,SEQF2679
Prevotella,intermedia,ATCC 25611 = DSM 20706,SEQF2554
Prevotella,intermedia,17,SEQF1065
Prevotella,loescheii,DSM 19665 = JCM 12249 = ATCC 15930,SEQF2461
Prevotella,maculosa,DSM 19339,SEQF2508
Prevotella,maculosa,JCM 15638,SEQF2680
Prevotella,maculosa,"OT 289, F0099",SEQF2147
Prevotella,marshii,DSM 16973,SEQF1915
Prevotella,marshii,JCM 13450,SEQF2681
Prevotella,melaninogenica,D18,SEQF1800
Prevotella,melaninogenica,DNF00666,SEQF2734
Prevotella,melaninogenica,ATCC 25845,SEQF1142
Prevotella,micans,F0438,SEQF1863
Prevotella,micans,JCM 16134,SEQF2682
Prevotella,micans,DSM 21469,SEQF2509
Prevotella,multiformis,DSM 16608,SEQF1986
Prevotella,multisaccharivorax,DSM 17128,SEQF1987
Prevotella,nanceiensis,F0039,SEQF1452
Prevotella,nigrescens,ATCC 33563,SEQF1893
Prevotella,nigrescens,F0103,SEQF1689
Prevotella,nigrescens,CC14M,SEQF2617
Prevotella,oralis,HGA0225,SEQF2523
Prevotella,oralis,CC98A,SEQF2618
Prevotella,oralis,ATCC 33269,SEQF1988
Prevotella,oris,F0302,SEQF1656
Prevotella,oris,JCM 12252,SEQF2683
Prevotella,oris,DSM 18711,SEQF2510
Prevotella,oulorum,F0390,SEQF1691
Prevotella,oulorum,JCM 14966,SEQF2684
Prevotella,pallens,ATCC 700821,SEQF1989
Prevotella,pleuritidis,F0068,SEQF1935
Prevotella,saccharolytica,F0055,SEQF1946
Prevotella,saccharolytica,JCM 17484,SEQF2685
Prevotella,salivae,F0493,SEQF1932
Prevotella,salivae,DSM 15606,SEQF2149
Prevotella,scopos,w2052,SEQF2922
Prevotella,scopos,"JCM 17725,W2052",SEQF2686
Prevotella,shahii,JCM 12083,SEQF2687
Prevotella,sp. HMT 306,F0472,SEQF1887
Prevotella,sp. HMT 313,F0648,SEQF3063
Prevotella,sp. HMT 314,F0091,SEQF3074
Prevotella,sp. HMT 317,F0108,SEQF1477
Prevotella,sp. HMT 376,F0043,SEQF3055
Prevotella,sp. HMT 472,F0295,SEQF1617
Prevotella,sp. HMT 820,W6195,SEQF3072
Prevotella,veroralis,DSM 19559,SEQF2511
Prevotella,veroralis,F0319,SEQF1663
Prevotella,veroralis,JCM 6290,SEQF2688
Propionibacteriaceae [G-2],bacterium HMT 192,F0372,SEQF1972
Proteus,mirabilis,WGLW6,SEQF2394
Proteus,mirabilis,WGLW4,SEQF2393
Proteus,mirabilis,HI4320,SEQF1289
Proteus,mirabilis,BB2000,SEQF2572
Proteus,mirabilis,ATCC 29906,SEQF1802
Pseudomonas,aeruginosa,PA7,SEQF1295
Pseudomonas,aeruginosa,138244,SEQF1991
Pseudomonas,aeruginosa,39016,SEQF2193
Pseudomonas,aeruginosa,NCGM2.S1,SEQF2168
Pseudomonas,aeruginosa,UCBPP-PA14,SEQF1298
Pseudomonas,aeruginosa,M18,SEQF2167
Pseudomonas,aeruginosa,ATCC 700888,SEQF2697
Pseudomonas,aeruginosa,PAO1,SEQF1297
Pseudomonas,aeruginosa,HB15,SEQF1992
Pseudomonas,aeruginosa,LESB58,SEQF1619
Pseudomonas,aeruginosa,ATCC 14886,SEQF2696
Pseudomonas,fluorescens,A506,SEQF2332
Pseudomonas,fluorescens,F113,SEQF2169
Pseudomonas,fluorescens,SBW25,SEQF1302
Pseudomonas,fluorescens,Pf-5,SEQF1300
Pseudomonas,fluorescens,Pf0-1,SEQF1301
Pseudomonas,fluorescens,WH6,SEQF2196
Pseudomonas,fluorescens,SS101,SEQF2381
Pseudomonas,luteola,PL_348,SEQF3076
Pseudomonas,otitidis,NA,SEQF2695
Pseudomonas,pseudoalcaligenes,CECT 5344,SEQF2423
Pseudomonas,pseudoalcaligenes,AD6,SEQF2714
Pseudomonas,pseudoalcaligenes,KF707,SEQF2352
Pseudomonas,stutzeri,"A1501, CGMCC 0351",SEQF1303
Pseudomonas,stutzeri,TS44,SEQF2513
Pseudomonas,stutzeri,ATCC 14405 = CCUG 16156,SEQF2333
Pseudomonas,stutzeri,DSM 4166,SEQF2171
Pseudomonas,stutzeri,CCUG 29243,SEQF2382
Pseudomonas,stutzeri,ATCC 17588 = LMG 11199,SEQF2170
Pseudomonas,stutzeri,DSM 10701,SEQF2521
Pseudopropionibacterium,propionicum,F0230a,SEQF1678
Pseudopropionibacterium,propionicum,F0700,SEQF3097
Pseudoramibacter,alactolyticus,ATCC 23263,SEQF1993
Pyramidobacter,piscolens,W5455 (TFI-JCVI),SEQF1541
Pyramidobacter,piscolens,W5455 (TFI),SEQF1474
Pyramidobacter,piscolens,"W5455, DSM 21147, CCUG 55836, F0317",SEQF1611
Pyramidobacter,piscolens,W5455 (JCVI),SEQF1475
Ralstonia,pickettii,12D,SEQF1977
Ralstonia,pickettii,12J,SEQF2172
Ralstonia,pickettii,OR214,SEQF2514
Ralstonia,pickettii,DTP0602,SEQF2603
Rhodobacter,capsulatus,DE442,SEQF2620
Rhodobacter,capsulatus,YW2,SEQF2624
Rhodobacter,capsulatus,B6,SEQF2619
Rhodobacter,capsulatus,YW1,SEQF2623
Rhodobacter,capsulatus,Y262,SEQF2622
Rhodobacter,capsulatus,R121,SEQF2621
Rhodobacter,capsulatus,SB 1003,SEQF1980
Roseomonas,gilardii,u14_5,SEQF2908
Roseomonas,mucosa,au37,SEQF2894
Rothia,aeria,F0184,SEQF1688
Rothia,aeria,F0474,SEQF1901
Rothia,dentocariosa,ATCC 17931,SEQF1925
Rothia,dentocariosa,M567,SEQF1994
Rothia,mucilaginosa,ATCC 25296,SEQF1039
Rothia,mucilaginosa,M508,SEQF2197
Rothia,mucilaginosa,DY-18,SEQF1724
Saccharibacteria (TM7) [G-1],bacterium HMT 348 ,TM7c,SEQF1469
Saccharibacteria (TM7) [G-1],bacterium HMT 348 ,TM7b,SEQF1468
Saccharibacteria (TM7) [G-1],bacterium HMT 488,CM010,SEQF3143
Saccharibacteria (TM7) [G-1],bacterium HMT 488,FS05P-B,SEQF3131
Saccharibacteria (TM7) [G-1],bacterium HMT 488,CM002,SEQF3139
Saccharibacteria (TM7) [G-1],bacterium HMT 488,HB001,SEQF3170
Saccharibacteria (TM7) [G-1],bacterium HMT 488,FS15P,SEQF3134
Saccharibacteria (TM7) [G-1],bacterium HMT 488,CM001,SEQF3138
Saccharibacteria (TM7) [G-1],bacterium HMT 488,CM006,SEQF3141
Saccharibacteria (TM7) [G-1],bacterium HMT 488,AC001,SEQF3098
Saccharibacteria (TM7) [G-1],bacterium HMT 488,FS13P,SEQF3133
Saccharibacteria (TM7) [G-1],bacterium HMT 488,AC002,SEQF3137
Saccharibacteria (TM7) [G-1],bacterium HMT 488,FS03P,SEQF3144
Saccharibacteria (TM7) [G-1],bacterium HMT 488,FS07P-B,SEQF3132
Saccharibacteria (TM7) [G-1],bacterium HMT 952,TM7x,SEQF2796
Saccharibacteria (TM7) [G-1],bacterium HMT 952,TM7x,SEQF3101
Saccharibacteria (TM7) [G-1],bacterium HMT 957,BB001,SEQF3100
Saccharibacteria (TM7) [G-8],bacterium HMT 955,FS14P,SEQF3135
Saccharibacteria (TM7) [G-8],bacterium HMT 955,CM009,SEQF3142
Saccharibacteria (TM7) [G-8],bacterium HMT 955,PM004,SEQF3099
Saccharibacteria (TM7) [G-8],bacterium HMT 955,FS17P,SEQF3136
Saccharibacteria (TM7) [G-8],bacterium HMT 955,CM003,SEQF3140
Sanguibacter,keddieii,DSM 10542,SEQF1979
Scardovia,inopinata,"F0304, DSM 10107",SEQF1654
Scardovia,wiggsiae,F0424,SEQF1853
Schaalia,odontolyticus,XH001,SEQF3096
Schaalia,odontolyticus,"ATCC 17982, DSM 43331",SEQF1388
Schaalia,odontolyticus,F0309,SEQF1657
Schaalia,odontolyticus,XH001,SEQF2804
Schlegelella ,thermodepolymerans,DSM 15344,SEQF3155
Schlegelella,thermodepolymerans,DSM 15264,SEQF3156
Schlegelella,thermodepolymerans,DSM 15344,SEQF3160
Segetibacter,aerophilus,NBRC 106135,SEQF3157
Selenomonas,artemidis,F0399,SEQF1697
Selenomonas,artemidis,DSM 19719,SEQF2584
Selenomonas,flueggei,ATCC 43531,SEQF1616
Selenomonas,infelix,ATCC 43532,SEQF1673
Selenomonas,noxia,F0398,SEQF1690
Selenomonas,noxia,ATCC 43541,SEQF1593
Selenomonas,sp. HMT 126,W7667,SEQF2805
Selenomonas,sp. HMT 133,F0473,SEQF1890
Selenomonas,sp. HMT 136,F0591,SEQF3060
Selenomonas,sp. HMT 137,F0430,SEQF1858
Selenomonas,sp. HMT 138,F0429,SEQF1951
Selenomonas,sp. HMT 149,"67H29BP, F0410",SEQF1914
Selenomonas,sp. HMT 478,F0592,SEQF2752
Selenomonas,sp. HMT 892,F0426,SEQF2454
Selenomonas,sp. HMT 920,W5150,SEQF2919
Selenomonas,sputigena,ATCC 35185,SEQF1598
Serratia,marcescens,rsc_14,SEQF2889
Shuttleworthia,satelles,"DSM 14600, BAA-774, CCUG 45864",SEQF1045
Simonsiella,muelleri,ATCC 29453,SEQF1652
Slackia,exigua,ATCC 700122,SEQF1599
Sneathia,amnii [Not Validly Published],SN35,SEQF2778
Sneathia,sanguinegens,CCUG41628,SEQF3087
Solobacterium,moorei,W5408,SEQF1152
Solobacterium,moorei,DSM 22971,SEQF2585
Solobacterium,moorei,F0204,SEQF1683
Sphingomonas,echinoides,ATCC 14820,SEQF3079
Staphylococcus,aureus,A9781,SEQF1815
Staphylococcus,aureus,TCH70,SEQF1833
Staphylococcus,aureus,COL,SEQF1311
Staphylococcus,aureus,"Mu50, (VRSA),  ATCC 700699",SEQF1316
Staphylococcus,aureus,"MRSA, USA300, FPR3757",SEQF1320
Staphylococcus,aureus,str. Newman,SEQF1431
Staphylococcus,aureus,930918-3,SEQF1488
Staphylococcus,aureus,MRSA USA300_TCH1516,SEQF1492
Staphylococcus,aureus,A10102,SEQF1803
Staphylococcus,aureus,A6300,SEQF1807
Staphylococcus,aureus,A9635,SEQF1811
Staphylococcus,aureus,A9754,SEQF2201
Staphylococcus,aureus,A9765,SEQF1814
Staphylococcus,aureus,TCH60,SEQF1832
Staphylococcus,aureus,RF122,SEQF1310
Staphylococcus,aureus,MSSA476,SEQF1315
Staphylococcus,aureus,NCTC 8325,SEQF1319
Staphylococcus,aureus,USA300_TCH959,SEQF1491
Staphylococcus,aureus,JKD6008,SEQF1620
Staphylococcus,aureus,ED98,SEQF1725
Staphylococcus,aureus,A6224,SEQF1806
Staphylococcus,aureus,A9299,SEQF1810
Staphylococcus,aureus,04-02981,SEQF2173
Staphylococcus,aureus,A8819,SEQF2200
Staphylococcus,aureus,A9763,SEQF1813
Staphylococcus,aureus,TCH130,SEQF1831
Staphylococcus,aureus,MRSA252,SEQF1314
Staphylococcus,aureus,N315,SEQF1318
Staphylococcus,aureus,Mu3,SEQF1490
Staphylococcus,aureus,A5948,SEQF1805
Staphylococcus,aureus,A8117,SEQF1809
Staphylococcus,aureus,JH1,SEQF1312
Staphylococcus,aureus,A8796,SEQF2199
Staphylococcus,aureus,MN8,SEQF1830
Staphylococcus,aureus,JH9,SEQF1313
Staphylococcus,aureus, MW2,SEQF1317
Staphylococcus,aureus,D30,SEQF1489
Staphylococcus,aureus,A5937,SEQF1804
Staphylococcus,aureus,A8115,SEQF1808
Staphylococcus,aureus,A9719,SEQF1812
Staphylococcus,aureus,WW2703/97,SEQF1835
Staphylococcus,auricularis,DSM 20609,SEQF3084
Staphylococcus,capitis,ayp1020,SEQF2881
Staphylococcus,caprae,C87,SEQF2204
Staphylococcus,cohnii,snuds_2,SEQF2860
Staphylococcus,epidermidis,BCM-HMP0060,SEQF1640
Staphylococcus,epidermidis,W23144,SEQF1838
Staphylococcus,epidermidis,M23864:W2(grey),SEQF2207
Staphylococcus,epidermidis,VCU028,SEQF2383
Staphylococcus,epidermidis,SK135,SEQF1837
Staphylococcus,epidermidis,FRI909,SEQF2206
Staphylococcus,epidermidis,M23864:W1,SEQF1836
Staphylococcus,epidermidis, ATCC 12228,SEQF1322
Staphylococcus,epidermidis,"RP62A, ATCC 35984",SEQF1324
Staphylococcus,epidermidis,14.1.R1.SE,SEQF2205
Staphylococcus,haemolyticus,s167,SEQF2892
Staphylococcus,hominis,as3,SEQF2901
Staphylococcus,lugdunensis,fdaargos_143,SEQF2909
Staphylococcus,pasteuri,sp1,SEQF2849
Staphylococcus,pettenkoferi,fdaargos_288,SEQF2895
Staphylococcus,schleiferi,tscc54,SEQF2914
Staphylococcus,warneri,VCU121,SEQF2208
Staphylococcus,warneri,L37603,SEQF1839
Staphylococcus,warneri,Lyso 2 2011,SEQF2713
Staphylococcus,warneri,Lyso 1 2011,SEQF2712
Staphylococcus,warneri,SG1,SEQF2442
Stenotrophomonas,maltophilia,D457,SEQF2300
Stenotrophomonas,maltophilia,Ab55555,SEQF2395
Stenotrophomonas,maltophilia,JV3,SEQF2174
Stenotrophomonas,maltophilia,K279a,SEQF1329
Stenotrophomonas,maltophilia,AU12-09,SEQF2515
Stenotrophomonas,maltophilia,EPM1,SEQF2478
Stenotrophomonas,maltophilia,R551-3,SEQF1330
Stenotrophomonas,nitritireducens,DSM 12575,SEQF2803
Stomatobaculum	,longum,ACC2,SEQF2481
Streptococcus,agalactiae,515,SEQF1333
Streptococcus,agalactiae,H36B,SEQF1337
Streptococcus,agalactiae,2603V/R,SEQF1332
Streptococcus,agalactiae,COH1,SEQF1336
Streptococcus,agalactiae,CF01173,SEQF2516
Streptococcus,agalactiae,18RS21,SEQF1331
Streptococcus,agalactiae,CJB111,SEQF1335
Streptococcus,agalactiae,ATCC 13813,SEQF1995
Streptococcus,agalactiae,A909,SEQF1334
Streptococcus,agalactiae,NEM316,SEQF1338
Streptococcus,agalactiae,FSL S3-026,SEQF2209
Streptococcus,anginosus,C238,SEQF2588
Streptococcus,anginosus,CCUG 39159,SEQF2334
Streptococcus,anginosus,SK1138,SEQF2397
Streptococcus,anginosus,C1051,SEQF2587
Streptococcus,anginosus,subsp. whileyi MAS624,SEQF2609
Streptococcus,anginosus,F0211,SEQF1692
Streptococcus,anginosus,SK52,SEQF1996
Streptococcus,anginosus,1_2_62CV,SEQF2210
Streptococcus,australis,ATCC 700641,SEQF2020
Streptococcus,constellatus,subsp. constellatus SK53,SEQF2643
Streptococcus,constellatus,subsp. pharyngis C818,SEQF2591
Streptococcus,constellatus,subsp. pharyngis C232,SEQF2590
Streptococcus,constellatus,subsp. pharyngis SK1060,SEQF2211
Streptococcus,constellatus,subsp. pharyngis C1050,SEQF2589
Streptococcus,cristatus clade 578,142_SOLI,SEQF3091
Streptococcus,cristatus clade 578,CC5A,SEQF3078
Streptococcus,cristatus clade 578,1015_SOLI,SEQF3093
Streptococcus,cristatus clade 578,ATCC 51100,SEQF1997
Streptococcus,cristatus clade 578,1014_SOLI,SEQF3092
Streptococcus,cristatus clade 578,AS 1.3089,SEQF2520
Streptococcus,downei,F0415,SEQF1846
Streptococcus,gordonii,"Challis CH1, ATCC 35105, NCTC7868",SEQF1066
Streptococcus,infantis clade 431,F0610 (5-114),SEQF2786
Streptococcus,infantis clade 638,SPAR10,SEQF2398
Streptococcus,infantis clade 638,ATCC 700779,SEQF2212
Streptococcus,infantis clade 638,X,SEQF2216
Streptococcus,infantis clade 638,SK970,SEQF2215
Streptococcus,infantis clade 638,ATCC BAA-102,SEQF1924
Streptococcus,infantis clade 638,SK1302,SEQF2214
Streptococcus,infantis clade 638,SK1076,SEQF2213
Streptococcus,intermedius,BA1,SEQF2424
Streptococcus,intermedius,F0395,SEQF1706
Streptococcus,intermedius,JTH08,SEQF2361
Streptococcus,intermedius,B196,SEQF2592
Streptococcus,intermedius,F0413,SEQF1703
Streptococcus,intermedius,ATCC 27335,SEQF2363
Streptococcus,intermedius,SK54,SEQF2336
Streptococcus,intermedius,C270,SEQF2593
Streptococcus,mitis,SK597,SEQF2003
Streptococcus,mitis,SK616,SEQF2339
Streptococcus,mitis,SK1073,SEQF2217
Streptococcus,mitis,NCTC 12261,SEQF2480
Streptococcus,mitis,SK564,SEQF2002
Streptococcus,mitis,SK579,SEQF2338
Streptococcus,mitis,B6,SEQF1067
Streptococcus,mitis,NCTC 12261,SEQF1068
Streptococcus,mitis,SK321,SEQF2001
Streptococcus,mitis,SK575,SEQF2337
Streptococcus,mitis,NCTC 12261,SEQF3169
Streptococcus,mitis,SK569,SEQF2219
Streptococcus,mitis,SK1080,SEQF2218
Streptococcus,mutans,"UA159, ATCC 700610",SEQF1069
Streptococcus,mutans,NN2025,SEQF1382
Streptococcus,oralis subsp. dentisani clade 398,SK95,SEQF1999
Streptococcus,oralis subsp. dentisani clade 398,F0407,SEQF1704
Streptococcus,oralis subsp. dentisani clade 398,F0392,SEQF2767
Streptococcus,oralis subsp. oralis,SK610,SEQF2343
Streptococcus,oralis subsp. oralis,SK313,SEQF2221
Streptococcus,oralis subsp. oralis,ATCC 6249,SEQF1998
Streptococcus,oralis subsp. oralis,"ATCC 35037, SK23, NCTC11427",SEQF1917
Streptococcus,oralis subsp. oralis,SK1074,SEQF2342
Streptococcus,oralis subsp. oralis,SK255,SEQF2220
Streptococcus,oralis subsp. oralis,SK100,SEQF2341
Streptococcus,oralis subsp. oralis,ATCC 35037,SEQF2023
Streptococcus,oralis subsp. oralis,SK10,SEQF2340
Streptococcus,oralis subsp. oralis,SK304,SEQF2399
Streptococcus,oralis subsp. oralis,Uo5,SEQF2005
Streptococcus,oralis subsp. tigurinus clade 070,F0441,SEQF1888
Streptococcus,oralis subsp. tigurinus clade 071,"73H25AP, F0408",SEQF1913
Streptococcus,parasanguinis clade 411,F0405,SEQF1702
Streptococcus,parasanguinis clade 721,F0449,SEQF1885
Streptococcus,parasanguinis clade 721,SK236,SEQF2007
Streptococcus,parasanguinis clade 721,ATCC 15912,SEQF1919
Streptococcus,parasanguinis clade 721,FW213,SEQF2344
Streptococcus,parasanguinis clade 721,ATCC 903,SEQF2222
Streptococcus,parasanguinis clade 721,CC87K,SEQF2625
Streptococcus,peroris,ATCC 700780,SEQF2000
Streptococcus,pneumoniae,GA05578,SEQF2305
Streptococcus,pneumoniae,TCH8431/19A,SEQF1840
Streptococcus,pneumoniae,SP9v-BS293,SEQF1590
Streptococcus,pneumoniae,GA17545,SEQF2228
Streptococcus,pneumoniae,GA47368,SEQF2232
Streptococcus,pneumoniae,INV104,SEQF1343
Streptococcus,pneumoniae,TIGR4,SEQF1349
Streptococcus,pneumoniae,AP200,SEQF1929
Streptococcus,pneumoniae,SP11-BS70,SEQF1400
Streptococcus,pneumoniae,SP23-BS72,SEQF1404
Streptococcus,pneumoniae,70585,SEQF1523
Streptococcus,pneumoniae,CDC3059-06,SEQF1527
Streptococcus,pneumoniae,SP195,SEQF1531
Streptococcus,pneumoniae,GA02506,SEQF2304
Streptococcus,pneumoniae,ST556,SEQF2308
Streptococcus,pneumoniae,SP14-BS292,SEQF1589
Streptococcus,pneumoniae,ATCC 700669,SEQF1642
Streptococcus,pneumoniae,GA04375,SEQF2227
Streptococcus,pneumoniae,GA41317,SEQF2231
Streptococcus,pneumoniae, D39,SEQF1342
Streptococcus,pneumoniae,R6,SEQF1346
Streptococcus,pneumoniae,SP19-BS75,SEQF1403
Streptococcus,pneumoniae,SP9-BS68,SEQF1407
Streptococcus,pneumoniae,CDC1873-00,SEQF1526
Streptococcus,pneumoniae,MLV-016,SEQF1530
Streptococcus,pneumoniae,P1031,SEQF1726
Streptococcus,pneumoniae,England14-9,SEQF2303
Streptococcus,pneumoniae,GA17457,SEQF2307
Streptococcus,pneumoniae,BS458,SEQF1588
Streptococcus,pneumoniae,BS455,SEQF2226
Streptococcus,pneumoniae,GA41301,SEQF2230
Streptococcus,pneumoniae,SPNA45,SEQF2241
Streptococcus,pneumoniae,OXC141,SEQF1345
Streptococcus,pneumoniae,SP18-BS74,SEQF1402
Streptococcus,pneumoniae,SP6-BS73,SEQF1406
Streptococcus,pneumoniae,CDC1087-00,SEQF1525
Streptococcus,pneumoniae,G54,SEQF1059
Streptococcus,pneumoniae,JJA,SEQF1529
Streptococcus,pneumoniae,BS397,SEQF1536
Streptococcus,pneumoniae,670-6B,SEQF1341
Streptococcus,pneumoniae,459-5,SEQF2302
Streptococcus,pneumoniae,GA08825,SEQF2306
Streptococcus,pneumoniae,BS457,SEQF1587
Streptococcus,pneumoniae,GA17570,SEQF2229
Streptococcus,pneumoniae,GA47901,SEQF2233
Streptococcus,pneumoniae,INV200,SEQF1344
Streptococcus,pneumoniae,SP14-BS69,SEQF1401
Streptococcus,pneumoniae,SP3-BS71,SEQF1405
Streptococcus,pneumoniae,CDC0288-04,SEQF1524
Streptococcus,pneumoniae,Hungary19A-6,SEQF1528
Streptococcus,pneumoniae,Taiwan19F-14,SEQF1532
Streptococcus,pneumoniae,CGSP14,SEQF1116
Streptococcus,pyogenes,MGAS15252,SEQF2301
Streptococcus,pyogenes,Manfredo (M5) M5,SEQF1355
Streptococcus,pyogenes,"MGAS315, ATCC BAA-595",SEQF1360
Streptococcus,pyogenes,"MGAS9429, ATCC BAA-1315",SEQF1364
Streptococcus,pyogenes,ATCC 10782,SEQF2242
Streptococcus,pyogenes,Alab49,SEQF2181
Streptococcus,pyogenes,"MGAS2096, ATCC BAA-1065",SEQF1359
Streptococcus,pyogenes,"MGAS8232, ATCC BAA-572",SEQF1363
Streptococcus,pyogenes,"MGAS10750, ATCC BAA-1066",SEQF1358
Streptococcus,pyogenes,"M28 MGAS6180, ATCC BAA-1064",SEQF1362
Streptococcus,pyogenes,MGAS10270,SEQF1356
Streptococcus,pyogenes,NS88.2,SEQF2384
Streptococcus,pyogenes,"M6 MGAS10394, ATCC BAA-946",SEQF1357
Streptococcus,pyogenes,"M1 MGAS5005, ATCC BAA-947",SEQF1361
Streptococcus,pyogenes,NZ131,SEQF1494
Streptococcus,pyogenes,SSI-1,SEQF1365
Streptococcus,pyogenes,"SF370 (serotype M1 GAS), ATCC 700294",SEQF1380
Streptococcus,salivarius,"CCHSS3, JIM8780",SEQF1367
Streptococcus,salivarius,PS4,SEQF2346
Streptococcus,salivarius,jf,SEQF2913
Streptococcus,salivarius,SK126,SEQF1843
Streptococcus,salivarius,M18,SEQF2345
Streptococcus,salivarius,K12,SEQF2400
Streptococcus,salivarius,JIM8777,SEQF1366
Streptococcus,salivarius,57.I,SEQF2006
Streptococcus,sanguinis,ATCC 49296,SEQF2009
Streptococcus,sanguinis,SK330,SEQF2013
Streptococcus,sanguinis,SK49,SEQF2017
Streptococcus,sanguinis,ATCC 29667,SEQF2008
Streptococcus,sanguinis,SK160,SEQF2012
Streptococcus,sanguinis,SK355,SEQF2016
Streptococcus,sanguinis,VMC66,SEQF2479
Streptococcus,sanguinis,SK150,SEQF2011
Streptococcus,sanguinis,SK353,SEQF2015
Streptococcus,sanguinis,SK115,SEQF2010
Streptococcus,sanguinis,SK340,SEQF2014
Streptococcus,sanguinis,SK72,SEQF2018
Streptococcus,sanguinis,SK36,SEQF1070
Streptococcus,sinensis,HKU4,SEQF2766
Streptococcus,sobrinus,DSM 20742,SEQF2517
Streptococcus,sobrinus,TCI-107,SEQF2247
Streptococcus,sp. HMT 056,F0418,SEQF1847
Streptococcus,sp. HMT 061,F0704,SEQF3173
Streptococcus,sp. HMT 064,W10853,SEQF2905
Streptococcus,sp. HMT 066,F0442,SEQF1889
Streptococcus,thermophilus,jim_8232,SEQF2891
Streptococcus,vestibularis,ATCC 49124,SEQF2004
Streptococcus,vestibularis,F0396,SEQF1705
Tannerella,forsythia,"92A2 not ATCC 43037, FDC 338",SEQF1072
Tannerella,forsythia,"ATCC 43037, FDC 338",SEQF2738
Tannerella,sp. HMT 286,isolate Cell 6/7/9,SEQF2637
Tannerella,sp. HMT 286,isolate Cell 5,SEQF2636
Tannerella,sp. HMT 286,W11666,SEQF3068
Tannerella,sp. HMT 286,isolate Cell 2,SEQF2635
Tannerella,sp. HMT 286,isolate Cell 1/3,SEQF2634
Tannerella,sp. HMT 286,W11667,SEQF2807
Tannerella,sp. HMT 286,isolate Cell 8/11,SEQF2638
Tannerella,sp. HMT 808,"SAG 103, Cell103",SEQF3104
Tannerella,sp. HMT 808,"SAG 110, Cell110",SEQF3106
Tannerella,sp. HMT 808,"SAG 108, Cell108",SEQF3105
Treponema,denticola,SP37/F0455,SEQF1867
Treponema,denticola,US-Trep/F0459,SEQF1871
Treponema,denticola,SP32/F0464,SEQF1875
Treponema,denticola,OTK/F0454,SEQF1866
Treponema,denticola,MYR-T/F0458,SEQF1870
Treponema,denticola,SP23/F0463,SEQF1874
Treponema,denticola,ATCC 33521,SEQF1878
Treponema,denticola,ATCC 33520,SEQF1865
Treponema,denticola,H-22/F0457,SEQF1869
Treponema,denticola,AL-2/F0461,SEQF1873
Treponema,denticola,SP44/F0466,SEQF1877
Treponema,denticola,F0402,SEQF1679
Treponema,denticola,ATCC 35404,SEQF1864
Treponema,denticola,H1-T/F0456,SEQF1868
Treponema,denticola,ASLM/F0460,SEQF1872
Treponema,denticola,SP33/F0465,SEQF1876
Treponema,denticola,"ATCC 35405, DSM 14222",SEQF1061
Treponema,lecithinolyticum,ATCC 700332,SEQF2462
Treponema,lecithinolyticum,OMZ 684T,SEQF1060
Treponema,maltophilum,ATCC 51939,SEQF1941
Treponema,medium,ATCC 700293,SEQF1940
Treponema,pallidum,subsp. pallidum str. Chicago,SEQF2182
Treponema,pallidum,Dallas1,SEQF1419
Treponema,pallidum,subsp. pertenue Gauthier,SEQF1326
Treponema,pallidum,Fribourg-Blanc,SEQF2545
Treponema,pallidum,subsp. pallidum str. Mexico A,SEQF2429
Treponema,pallidum,subsp. pertenue str. SamoaD,SEQF1350
Treponema,pallidum,str. Nichols,SEQF1062
Treponema,pallidum,SS14,SEQF1499
Treponema,pallidum,subsp. pertenue str. CDC2,SEQF1328
Treponema,pectinovorum,Marseille-3-CSURP7641,SEQF3167
Treponema,pectinovorum,ATCC 700769,SEQF3158
Treponema,pectinovorum,Marseille-4-CSURP7639,SEQF3166
Treponema,pectinovorum,Marseille-2-CSURP6642,SEQF3165
Treponema,pectinovorum,Marseille-1-CSURP6641,SEQF3168
Treponema,putidum,"OMZ 758, ATCC 700334",SEQF2771
Treponema,socranskii,ATCC 35536,SEQF2757
Treponema,socranskii,ATCC 35535,SEQF1942
Treponema,vincentii,ATCC 35580,SEQF1610
Treponema,vincentii,F0403/N9,SEQF1947
Turicella,otitidis,ATCC 51513,SEQF2407
Variovorax,paradoxus,S110,SEQF1395
Variovorax,paradoxus,B4,SEQF2586
Variovorax,paradoxus,EPS,SEQF2183
Veillonella,atypica,ACS-049-V-Sch6,SEQF2243
Veillonella,atypica,"KON, ATCC 17744",SEQF1939
Veillonella,atypica,ACS-134-V-Col7a,SEQF1918
Veillonella,denticariosi,AS16,SEQF2811
Veillonella,dispar,ATCC 17748,SEQF1159
Veillonella,dispar,DORA_11,SEQF2633
Veillonella,parvula,ACS-068-V-Sch12,SEQF2244
Veillonella,parvula,ATCC 17745,SEQF2364
Veillonella,parvula,ATCC 17745,SEQF1058
Veillonella,parvula,"DSM 2008, Te3, ATCC 10790, JCM 1297",SEQF1496
Veillonella,parvula,HSIVP1,SEQF2564
Veillonella,rogosae,F0412,SEQF1698
Veillonella,sp. HMT 780,F0422,SEQF1859
WPS-2,bacterium,CARN1,SEQF2736
Yersinia,pestis,KIM10+,SEQF1056
Yersinia,pestis,Angola,SEQF1555
Yersinia,pestis,biovar Antiqua str. B42003004,SEQF1560
Yersinia,pestis,biovar Medievalis str. Harbin 35,SEQF1564
Yersinia,pestis,Pestoides F,SEQF1099
Yersinia,pestis,D182038,SEQF2186
Yersinia,pestis,biovar Orientalis str. MG05-1020,SEQF1568
Yersinia,pestis,CO92,SEQF1055
Yersinia,pestis,biovar Microtus str. 91001,SEQF1082
Yersinia,pestis,Pestoides A,SEQF1559
Yersinia,pestis,biovar Mediaevalis str. K1973002,SEQF1563
Yersinia,pestis,D106004,SEQF2185
Yersinia,pestis,A1122,SEQF2184
Yersinia,pestis,biovar Orientalis str. IP275,SEQF1567
Yersinia,pestis,Antiqua JGI,SEQF1054
Yersinia,pestis,Nepal516,SEQF1558
Yersinia,pestis,biovar Antiqua str. UG05-0454,SEQF1562
Yersinia,pestis,biovar Orientalis str. PEXU2,SEQF1569
Yersinia,pestis,biovar Orientalis str. India 195,SEQF1566
Yersinia,pestis,KIM D27,SEQF1844
Yersinia,pestis,Nepal516,SEQF1057
Yersinia,pestis,CA88-4125,SEQF1556
Yersinia,pestis,biovar Antiqua str. E1979001,SEQF1561
Yersinia,pestis,biovar Orientalis str. F1991016,SEQF1565
Yersinia,pestis,Z176003,SEQF2188
